,Unnamed: 0,adult,backdrop_path,belongs_to_collection,budget,genres,homepage,id,imdb_id,original_language,original_title,overview,popularity,poster_path,production_companies,production_countries,release_date,revenue,runtime,spoken_languages,status,tagline,title,video,vote_average,vote_count,average_rate
0,0,False,/z2QUexmccqrvw1kDMw3R8TxAh5E.jpg,,0,"[{'id': 18, 'name': 'Drama'}, {'id': 80, 'name': 'Crime'}]",,2,tt0094675,fi,Ariel,"Taisto Kasurinen is a Finnish coal miner whose father has just committed suicide and who is framed for a crime he did not commit. In jail, he starts to dream about leaving the country and starting a new life. He escapes from prison but things don't go as planned...",4.228,/gZCJZOn4l0Zj5hAxsMbxoS6CL0u.jpg,"[{'id': 2303, 'logo_path': None, 'name': 'Villealfa Filmproduction Oy', 'origin_country': ''}, {'id': 2396, 'logo_path': '/v0U7OZwjgv2vmiHbS2HNqjX9MEc.png', 'name': 'Finnish Film Foundation', 'origin_country': 'FI'}]","[{'iso_3166_1': 'FI', 'name': 'Finland'}]",1988-10-21,0,72,"[{'iso_639_1': 'fi', 'name': 'suomi'}, {'iso_639_1': 'de', 'name': 'Deutsch'}]",Released,,Ariel,False,6.9,61,7.113793103448277
1,1,False,/6YjUX87VtIEuDzanBE6obVxE9V3.jpg,,0,"[{'id': 18, 'name': 'Drama'}, {'id': 35, 'name': 'Comedy'}]",,3,tt0092149,fi,Varjoja paratiisissa,"An episode in the life of Nikander, a garbage man, involving the death of a co-worker, an affair and much more.",2.97,/lfaiYUVL7vPE57xgTscJN3kN5P1.jpg,"[{'id': 2303, 'logo_path': None, 'name': 'Villealfa Filmproduction Oy', 'origin_country': ''}]","[{'iso_3166_1': 'FI', 'name': 'Finland'}]",1986-10-16,0,74,"[{'iso_639_1': 'en', 'name': 'English'}, {'iso_639_1': 'fi', 'name': 'suomi'}, {'iso_639_1': 'sv', 'name': 'svenska'}]",Released,,Shadows in Paradise,False,7.3,45,7.113793103448277
2,2,False,/3EqYpbGCE9S5GddU2K4cYzP5UmI.jpg,,4000000,"[{'id': 80, 'name': 'Crime'}, {'id': 35, 'name': 'Comedy'}]",,5,tt0113101,en,Four Rooms,It's Ted the Bellhop's first night on the job...and the hotel's very unusual guests are about to place him in some outrageous predicaments. It seems that this evening's room service is serving up one unbelievable happening after another.,9.516,/eQs5hh9rxrk1m4xHsIz1w11Ngqb.jpg,"[{'id': 14, 'logo_path': '/m6AHu84oZQxvq7n1rsvMNJIAsMu.png', 'name': 'Miramax', 'origin_country': 'US'}, {'id': 59, 'logo_path': '/yH7OMeSxhfP0AVM6iT0rsF3F4ZC.png', 'name': 'A Band Apart', 'origin_country': 'US'}]","[{'iso_3166_1': 'US', 'name': 'United States of America'}]",1995-12-09,4300000,98,"[{'iso_639_1': 'en', 'name': 'English'}]",Released,"Twelve outrageous guests. Four scandalous requests. And one lone bellhop, in his first day on the job, who's in for the wildest New year's Eve of his life.",Four Rooms,False,6.4,866,7.113793103448277
3,3,False,/eXKgVIjLCFNpQkjVg1VpA8yM2GA.jpg,,21,"[{'id': 28, 'name': 'Action'}, {'id': 53, 'name': 'Thriller'}, {'id': 80, 'name': 'Crime'}]",,6,tt0107286,en,Judgment Night,"While racing to a boxing match, Frank, Mike, John and Rey get more than they bargained for. A wrong turn lands them directly in the path of Fallon, a vicious, wise-cracking drug lord. After accidentally witnessing Fallon murder a disloyal henchman, the four become his unwilling prey in a savage game of cat & mouse as they are mercilessly stalked through the urban jungle in this taut suspense drama",7.231,/lNXmgUrP6h1nD53gkFh4WDzT6RZ.jpg,"[{'id': 33, 'logo_path': '/8lvHyhjr8oUKOOy2dKXoALWKdp0.png', 'name': 'Universal Pictures', 'origin_country': 'US'}, {'id': 1644, 'logo_path': None, 'name': 'Largo Entertainment', 'origin_country': 'US'}, {'id': 4248, 'logo_path': None, 'name': 'JVC Entertainment Networks', 'origin_country': ''}]","[{'iso_3166_1': 'JP', 'name': 'Japan'}, {'iso_3166_1': 'US', 'name': 'United States of America'}]",1993-10-15,12,110,"[{'iso_639_1': 'en', 'name': 'English'}]",Released,Don't move. Don't whisper. Don't even breathe.,Judgment Night,False,6.5,100,7.113793103448277
4,4,False,/udvB86uyzJ6P9vmB83WfrCbnmnI.jpg,,42000,"[{'id': 99, 'name': 'Documentary'}]",http://www.lifeinloops.com,8,tt0825671,en,Life in Loops (A Megacities RMX),"Timo Novotny labels his new project an experimental music documentary film, in a remix of the celebrated film Megacities (1997), a visually refined essay on the hidden faces of several world ""megacities"" by leading Austrian documentarist Michael Glawogger. Novotny complements 30 % of material taken straight from the film (and re-edited) with 70 % as yet unseen footage in which he blends original shots unused by Glawogger with his own sequences (shot by Megacities cameraman Wolfgang Thaler) from Tokyo. Alongside the Japanese metropolis, Life in Loops takes us right into the atmosphere of Mexico City, New York, Moscow and Bombay. This electrifying combination of fascinating film images and an equally compelling soundtrack from Sofa Surfers sets us off on a stunning audiovisual adventure across the continents. The film also makes an original contribution to the discussion on new trends in documentary filmmaking. Written by KARLOVY VARY IFF 2006",1.304,/8YyIjOAxwzD3fZMdmJrfiApod4l.jpg,"[{'id': 19123, 'logo_path': None, 'name': 'inLoops', 'origin_country': ''}]","[{'iso_3166_1': 'AT', 'name': 'Austria'}]",2006-01-01,0,80,"[{'iso_639_1': 'en', 'name': 'English'}, {'iso_639_1': 'hi', 'name': 'हिन्दी'}, {'iso_639_1': 'ja', 'name': '日本語'}, {'iso_639_1': 'ru', 'name': 'Pусский'}, {'iso_639_1': 'es', 'name': 'Español'}]",Released,A Megacities remix.,Life in Loops (A Megacities RMX),False,6.8,5,7.113793103448277
5,5,False,,,0,"[{'id': 18, 'name': 'Drama'}]",,9,tt0425473,de,Sonntag im August,,0.136,,[],"[{'iso_3166_1': 'DE', 'name': 'Germany'}]",2004-09-02,0,15,"[{'iso_639_1': 'de', 'name': 'Deutsch'}]",Released,,Sunday in August,False,5.3,2,7.113793103448277
6,6,False,/4iJfYYoQzZcONB9hNzg0J0wWyPH.jpg,"{'id': 10, 'name': 'Star Wars Collection', 'poster_path': '/iTQHKziZy9pAAY4hHEDCGPaOvFC.jpg', 'backdrop_path': '/d8duYyyC9J5T825Hg7grmaabfxQ.jpg'}",11000000,"[{'id': 12, 'name': 'Adventure'}, {'id': 28, 'name': 'Action'}, {'id': 878, 'name': 'Science Fiction'}]",http://www.starwars.com/films/star-wars-episode-iv-a-new-hope,11,tt0076759,en,Star Wars,Princess Leia is captured and held hostage by the evil Imperial forces in their effort to take over the galactic Empire. Venturesome Luke Skywalker and dashing captain Han Solo team together with the loveable robot duo R2-D2 and C-3PO to rescue the beautiful princess and restore peace and justice in the Empire.,34.967,/btTdmkgIvOi0FFip1sPuZI2oQG6.jpg,"[{'id': 1, 'logo_path': '/o86DbpburjxrqAzEDhXZcyE8pDb.png', 'name': 'Lucasfilm', 'origin_country': 'US'}, {'id': 25, 'logo_path': '/qZCc1lty5FzX30aOCVRBLzaVmcp.png', 'name': '20th Century Fox', 'origin_country': 'US'}]","[{'iso_3166_1': 'US', 'name': 'United States of America'}]",1977-05-25,775398007,121,"[{'iso_639_1': 'en', 'name': 'English'}]",Released,"A long time ago in a galaxy far, far away...",Star Wars,False,8.2,9556,7.113793103448277
7,7,False,/n2vIGWw4ezslXjlP0VNxkp9wqwU.jpg,"{'id': 137697, 'name': 'Finding Nemo Collection', 'poster_path': '/xwggrEugjcJDuabIWvK2CpmK91z.jpg', 'backdrop_path': '/2hC8HHRUvwRljYKIcQDMyMbLlxz.jpg'}",94000000,"[{'id': 16, 'name': 'Animation'}, {'id': 10751, 'name': 'Family'}]",http://movies.disney.com/finding-nemo,12,tt0266543,en,Finding Nemo,"Nemo, an adventurous young clownfish, is unexpectedly taken from his Great Barrier Reef home to a dentist's office aquarium. It's up to his worrisome father Marlin and a friendly but forgetful fish Dory to bring Nemo home -- meeting vegetarian sharks, surfer dude turtles, hypnotic jellyfish, hungry seagulls, and more along the way.",25.443,/syPWyeeqzTQIxjIUaIFI7d0TyEY.jpg,"[{'id': 3, 'logo_path': '/1TjvGVDMYsj6JBxOAkUHpPEwLf7.png', 'name': 'Pixar', 'origin_country': 'US'}]","[{'iso_3166_1': 'US', 'name': 'United States of America'}]",2003-05-30,940335536,100,"[{'iso_639_1': 'en', 'name': 'English'}]",Released,There are 3.7 trillion fish in the ocean. They're looking for one.,Finding Nemo,False,7.7,9307,7.113793103448277
8,8,False,/7c9UVPPiTPltouxRVY6N9uugaVA.jpg,,55000000,"[{'id': 35, 'name': 'Comedy'}, {'id': 18, 'name': 'Drama'}, {'id': 10749, 'name': 'Romance'}]",,13,tt0109830,en,Forrest Gump,"A man with a low IQ has accomplished great things in his life and been present during significant historic events - in each case, far exceeding what anyone imagined he could do. Yet, despite all the things he has attained, his one true love eludes him. 'Forrest Gump' is the story of a man who rose above his challenges, and who proved that determination, courage, and love are more important than ability.",29.478,/yE5d3BUhE8hCnkMUJOo1QDoOGNz.jpg,"[{'id': 4, 'logo_path': '/fycMZt242LVjagMByZOLUGbCvv3.png', 'name': 'Paramount', 'origin_country': 'US'}]","[{'iso_3166_1': 'US', 'name': 'United States of America'}]",1994-07-06,677945399,142,"[{'iso_639_1': 'en', 'name': 'English'}]",Released,Life is like a box of chocolates...you never know what you're gonna get.,Forrest Gump,False,8.4,11782,7.113793103448277
9,9,False,/z5J18ByLeOZ68iORfMXmxeFuwyL.jpg,,15000000,"[{'id': 18, 'name': 'Drama'}]",http://www.dreamworks.com/ab/,14,tt0169547,en,American Beauty,"Lester Burnham, a depressed suburban father in a mid-life crisis, decides to turn his hectic life around after developing an infatuation with his daughter's attractive friend.",17.195,/3UBQGKS8c1dxRnDiu5kUK6ej3pP.jpg,"[{'id': 2721, 'logo_path': None, 'name': 'Jinks/Cohen Company', 'origin_country': ''}, {'id': 7, 'logo_path': '/9YHAhaqpFKDq66Alz7HrYd1iM6G.png', 'name': 'DreamWorks', 'origin_country': 'US'}]","[{'iso_3166_1': 'US', 'name': 'United States of America'}]",1999-09-15,356296601,122,"[{'iso_639_1': 'en', 'name': 'English'}]",Released,Look closer.,American Beauty,False,8.0,5208,7.113793103448277
10,10,False,/zGutQCLUIQ5LakubDZtfM8s22eA.jpg,,839727,"[{'id': 9648, 'name': 'Mystery'}, {'id': 18, 'name': 'Drama'}]",,15,tt0033467,en,Citizen Kane,"Newspaper magnate, Charles Foster Kane is taken from his mother as a boy and made the ward of a rich industrialist. As a result, every well-meaning, tyrannical or self-destructive move he makes for the rest of his life appears in some way to be a reaction to that deeply wounding event.",12.138,/sav0jxhqiH0bPr2vZFU0Kjt2nZL.jpg,"[{'id': 6, 'logo_path': '/n53F7K9scQWFXYbrCablqLKqJdp.png', 'name': 'RKO Radio Pictures', 'origin_country': 'US'}, {'id': 11447, 'logo_path': None, 'name': 'Mercury Productions', 'origin_country': ''}]","[{'iso_3166_1': 'US', 'name': 'United States of America'}]",1941-04-30,23217674,119,"[{'iso_639_1': 'en', 'name': 'English'}]",Released,It's terrific!,Citizen Kane,False,8.1,1872,7.113793103448277
11,11,False,/5k89pUmFMZ82yPiL7bqxaFiDqaa.jpg,"{'id': 498, 'name': 'Golden Heart Collection', 'poster_path': '/A6Px32ebiji6AgJbxgxe513GqdL.jpg', 'backdrop_path': '/293UTX2btTkblOL7WZF1Q7veIJm.jpg'}",12800000,"[{'id': 18, 'name': 'Drama'}, {'id': 80, 'name': 'Crime'}, {'id': 10402, 'name': 'Music'}]",,16,tt0168629,en,Dancer in the Dark,"Selma, a Czech immigrant on the verge of blindness, struggles to make ends meet for herself and her son, who has inherited the same genetic disorder and will suffer the same fate without an expensive operation. When life gets too difficult, Selma learns to cope through her love of musicals, escaping life's troubles - even if just for a moment - by dreaming up little numbers to the rhythmic beats of her surroundings.",8.267999999999999,/7xizDTz4Yj4IYm2ud4f6EfEXe5H.jpg,"[{'id': 53671, 'logo_path': None, 'name': 'Lantia Cinema & Audiovisivi', 'origin_country': ''}, {'id': 8, 'logo_path': '/78ilmDNTpdCfsakrsLqmAUkFTrO.png', 'name': 'Fine Line Features', 'origin_country': ''}, {'id': 76, 'logo_path': None, 'name': 'Zentropa Entertainments', 'origin_country': ''}, {'id': 119, 'logo_path': '/1di2gITGUZr730AMuMKiCrP90Vl.png', 'name': 'Danmarks Radio (DR)', 'origin_country': 'DK'}, {'id': 157, 'logo_path': None, 'name': 'SVT Drama', 'origin_country': ''}, {'id': 201, 'logo_path': '/6UIpEURdjnmcJPwgTDRzVRuwADr.png', 'name': 'ARTE', 'origin_country': 'FR'}, {'id': 321, 'logo_path': None, 'name': 'Memfis Film', 'origin_country': ''}, {'id': 591, 'logo_path': '/q5I5RDwMEiqoNmfaJgd2LraEOJY.png', 'name': 'France 3 Cinéma', 'origin_country': 'FR'}, {'id': 2996, 'logo_path': None, 'name': 'Angel films', 'origin_country': ''}, {'id': 4524, 'logo_path': None, 'name': 'TV 1000', 'origin_country': ''}, {'id': 5755, 'logo_path': '/53JWq1rzbAXzbh1rnFo3XdqsAUh.png', 'name': 'Constantin Film Produktion', 'origin_country': ''}, {'id': 5975, 'logo_path': '/vvjgoKygWWYZvYyidT3RmOCq5If.png', 'name': 'Yleisradio (YLE)', 'origin_country': 'FI'}, {'id': 7025, 'logo_path': None, 'name': 'Westdeutscher Rundfunk (WDR)', 'origin_country': ''}, {'id': 7330, 'logo_path': None, 'name': 'Blind Spot Pictures Oy', 'origin_country': ''}, {'id': 8659, 'logo_path': None, 'name': 'Vrijzinnig Protestantse Radio Omroep (VPRO)', 'origin_country': 'NL'}, {'id': 11239, 'logo_path': None, 'name': 'Liberator Productions', 'origin_country': ''}, {'id': 14937, 'logo_path': None, 'name': 'Icelandic Film', 'origin_country': ''}, {'id': 30268, 'logo_path': None, 'name': 'Pain Unlimited GmbH Filmproduktion', 'origin_country': ''}, {'id': 53667, 'logo_path': None, 'name': 'Trust Film Svenska', 'origin_country': ''}, {'id': 53668, 'logo_path': None, 'name': 'Cinematograph A/S', 'origin_country': ''}, {'id': 53669, 'logo_path': None, 'name': 'What Else? B.V', 'origin_country': ''}, {'id': 53670, 'logo_path': None, 'name': 'Filmek A/S', 'origin_country': ''}, {'id': 6705, 'logo_path': '/5uoaxZCSYuc6KEiJgEYSWzLIFAW.png', 'name': 'Film4 Productions', 'origin_country': 'GB'}, {'id': 104, 'logo_path': '/9aotxauvc9685tq9pTcRJszuT06.png', 'name': 'Canal+', 'origin_country': 'FR'}, {'id': 94, 'logo_path': '/huC7HqorvUThGIrENrbcHmQVUA0.png', 'name': 'ARTE France Cinéma', 'origin_country': 'FR'}, {'id': 2801, 'logo_path': '/bswb1PLLsKDUXMLgy42bZtCtIde.png', 'name': 'Film i Väst', 'origin_country': 'SE'}]","[{'iso_3166_1': 'AR', 'name': 'Argentina'}, {'iso_3166_1': 'DK', 'name': 'Denmark'}, {'iso_3166_1': 'FI', 'name': 'Finland'}, {'iso_3166_1': 'FR', 'name': 'France'}, {'iso_3166_1': 'DE', 'name': 'Germany'}, {'iso_3166_1': 'IS', 'name': 'Iceland'}, {'iso_3166_1': 'IT', 'name': 'Italy'}, {'iso_3166_1': 'NL', 'name': 'Netherlands'}, {'iso_3166_1': 'NO', 'name': 'Norway'}, {'iso_3166_1': 'SE', 'name': 'Sweden'}, {'iso_3166_1': 'GB', 'name': 'United Kingdom'}, {'iso_3166_1': 'US', 'name': 'United States of America'}]",2000-05-17,40031879,140,"[{'iso_639_1': 'en', 'name': 'English'}]",Released,You don't need eyes to see.,Dancer in the Dark,False,7.9,604,7.113793103448277
12,12,False,/pkCC3myn5QuoLzplTlvZLB0w2AU.jpg,,0,"[{'id': 27, 'name': 'Horror'}, {'id': 53, 'name': 'Thriller'}, {'id': 9648, 'name': 'Mystery'}]",http://www.whatisannwyn.co.uk/,17,tt0411267,en,The Dark,Adèle and her daughter Sarah are traveling on the Welsh coastline to see her husband James when Sarah disappears. A different but similar looking girl appears who says she died in a past time. Adèle tries to discover what happened to her daughter as she is tormented by Celtic mythology from the past.,5.082,/8fzjzQhLXl1afshhsE5Y3MGuco4.jpg,"[{'id': 47, 'logo_path': '/i7Z9ot2o3N5Sa3HrF09kniFs2y8.png', 'name': 'Constantin Film', 'origin_country': 'DE'}, {'id': 248, 'logo_path': None, 'name': 'Impact Pictures', 'origin_country': ''}, {'id': 2268, 'logo_path': '/wgDks2qYgwN6u1OkW1bBre0rf4F.png', 'name': 'Isle of Man Film', 'origin_country': 'GB'}, {'id': 2452, 'logo_path': '/6CLoZ59fLPG7UyxQtGTqRevjf58.png', 'name': 'UK Film Council', 'origin_country': 'GB'}]","[{'iso_3166_1': 'DE', 'name': 'Germany'}, {'iso_3166_1': 'GB', 'name': 'United Kingdom'}]",2005-09-28,0,87,"[{'iso_639_1': 'cy', 'name': 'Cymraeg'}, {'iso_639_1': 'en', 'name': 'English'}]",Released,One of the living for one of the dead.,The Dark,False,5.6,107,7.113793103448277
13,13,False,/qlGoGQSVMzIjGbpvXzZUOH1FjNu.jpg,,90000000,"[{'id': 12, 'name': 'Adventure'}, {'id': 14, 'name': 'Fantasy'}, {'id': 28, 'name': 'Action'}, {'id': 53, 'name': 'Thriller'}, {'id': 878, 'name': 'Science Fiction'}]",,18,tt0119116,en,The Fifth Element,"In 2257, a taxi driver is unintentionally given the task of saving a young girl who is part of the key that will ensure the survival of humanity.",15.905,/zaFa1NRZEnFgRTv5OVXkNIZO78O.jpg,"[{'id': 5, 'logo_path': '/71BqEFAF4V3qjjMPCpLuyJFB9A.png', 'name': 'Columbia Pictures', 'origin_country': 'US'}, {'id': 9, 'logo_path': '/nda3dTUYdDrJ6rZqBpYvY865aDv.png', 'name': 'Gaumont', 'origin_country': 'FR'}]","[{'iso_3166_1': 'FR', 'name': 'France'}]",1997-05-07,263920180,126,"[{'iso_639_1': 'en', 'name': 'English'}, {'iso_639_1': 'sv', 'name': 'svenska'}, {'iso_639_1': 'de', 'name': 'Deutsch'}]",Released,There is no future without it.,The Fifth Element,False,7.4,5224,7.113793103448277
14,14,False,/gmH0N0bdlYGN1EUr8U2cMQYyg78.jpg,,92620000,"[{'id': 18, 'name': 'Drama'}, {'id': 878, 'name': 'Science Fiction'}]",,19,tt0017136,de,Metropolis,"In a futuristic city sharply divided between the working class and the city planners, the son of the city's mastermind falls in love with a working class prophet who predicts the coming of a savior to mediate their differences.",11.254000000000001,/qriaeUUwdmlgethK3aSAx68mG05.jpg,"[{'id': 4, 'logo_path': '/fycMZt242LVjagMByZOLUGbCvv3.png', 'name': 'Paramount', 'origin_country': 'US'}, {'id': 12372, 'logo_path': None, 'name': 'Universum Film (UFA)', 'origin_country': ''}]","[{'iso_3166_1': 'DE', 'name': 'Germany'}]",1927-01-10,650422,153,"[{'iso_639_1': 'xx', 'name': 'No Language'}]",Released,There can be no understanding between the hands and the brain unless the heart acts as mediator.,Metropolis,False,8.2,939,7.113793103448277
15,15,False,/caLMOD3ZJ3V7qjlxDXrzlJfBLgD.jpg,,0,"[{'id': 18, 'name': 'Drama'}, {'id': 10749, 'name': 'Romance'}]",http://www.clubcultura.com/clubcine/clubcineastas/isabelcoixet/mividasinmi/index.htm,20,tt0314412,ko,My Life Without Me,A Pedro Almodovar production in which a fatally ill mother with only two months to live creates a list of things she wants to do before she dies with out telling her family of her illness.,7.631,/vVj92VBFUBzjqzLvBiPVVlJDp78.jpg,"[{'id': 49, 'logo_path': None, 'name': 'El Deseo', 'origin_country': ''}, {'id': 77, 'logo_path': None, 'name': 'Milestone Productions', 'origin_country': ''}]","[{'iso_3166_1': 'CA', 'name': 'Canada'}, {'iso_3166_1': 'ES', 'name': 'Spain'}]",2003-03-07,9726954,106,"[{'iso_639_1': 'en', 'name': 'English'}]",Released,,My Life Without Me,False,6.8,131,7.113793103448277
16,16,False,/8vtPfPla4biTyLu28SOc88XXG1f.jpg,"{'id': 252313, 'name': 'The Endless Summer Collection', 'poster_path': '/zhG3P4ALlXxoFi0CGfcVsR3qmDL.jpg', 'backdrop_path': '/rbeqwDmy0yPMxBqA2ELvu08okcn.jpg'}",0,"[{'id': 99, 'name': 'Documentary'}]",,21,tt0060371,en,The Endless Summer,"The Endless Summer, by Bruce Brown, is one of the first and most influential surf movies of all times. The film documents American surfers Mike Hynson and Robert August as they travel the world during California’s winter (which back in 1965 was off-season for surfing) in search of the perfect wave and an endless summer.",1.7269999999999999,/jqsZQPxeMjcvVN5aFGgAk7qQodr.jpg,"[{'id': 13723, 'logo_path': None, 'name': 'Bruce Brown Films', 'origin_country': ''}]","[{'iso_3166_1': 'US', 'name': 'United States of America'}]",1966-06-15,0,91,"[{'iso_639_1': 'en', 'name': 'English'}]",Released,The Search for the Perfect Wave!,The Endless Summer,False,7.6,32,7.113793103448277
17,17,False,/8AUQ7YlJJA9C8kWk8P4YNHIcFDE.jpg,"{'id': 295, 'name': 'Pirates of the Caribbean Collection', 'poster_path': '/zT5UKFhq9nk97VGlBbAxlAK8UFN.jpg', 'backdrop_path': '/zJd4E0ImT1U6O8k6aX3ssc9iUBS.jpg'}",140000000,"[{'id': 12, 'name': 'Adventure'}, {'id': 14, 'name': 'Fantasy'}, {'id': 28, 'name': 'Action'}]",http://disney.go.com/disneyvideos/liveaction/pirates/main_site/main.html,22,tt0325980,en,Pirates of the Caribbean: The Curse of the Black Pearl,"Jack Sparrow, a freewheeling 17th-century pirate, quarrels with a rival pirate bent on pillaging Port Royal. When the governor's daughter is kidnapped, Sparrow decides to help the girl's love save her.",29.033,/tkt9xR1kNX5R9rCebASKck44si2.jpg,"[{'id': 130, 'logo_path': '/c9dVHPOL3cqCr2593Ahk0nEKTEM.png', 'name': 'Jerry Bruckheimer Films', 'origin_country': 'US'}, {'id': 2, 'logo_path': '/4MbjW4f9bu6LvlDmyIvfyuT3boj.png', 'name': 'Walt Disney Pictures', 'origin_country': 'US'}]","[{'iso_3166_1': 'US', 'name': 'United States of America'}]",2003-07-09,655011224,143,"[{'iso_639_1': 'en', 'name': 'English'}]",Released,Prepare to be blown out of the water.,Pirates of the Caribbean: The Curse of the Black Pearl,False,7.6,10146,7.113793103448277
18,18,False,/kkS8PKa8c134vXsj2fQkNqOaCXU.jpg,"{'id': 2883, 'name': 'Kill Bill Collection', 'poster_path': '/tf1nUtw3LJGUGv1EFFi23iz6ngr.jpg', 'backdrop_path': '/oCLKNACMNrEf4T1EP6BpMXDl5m1.jpg'}",30000000,"[{'id': 28, 'name': 'Action'}, {'id': 80, 'name': 'Crime'}]",http://www.miramax.com/movie/kill-bill-volume-1/,24,tt0266697,en,Kill Bill: Vol. 1,"An assassin is shot by her ruthless employer, Bill, and other members of their assassination circle – but she lives to plot her vengeance.",20.471,/v7TaX8kXMXs5yFFGR41guUDNcnB.jpg,"[{'id': 14, 'logo_path': '/m6AHu84oZQxvq7n1rsvMNJIAsMu.png', 'name': 'Miramax', 'origin_country': 'US'}, {'id': 59, 'logo_path': '/yH7OMeSxhfP0AVM6iT0rsF3F4ZC.png', 'name': 'A Band Apart', 'origin_country': 'US'}, {'id': 39121, 'logo_path': None, 'name': 'Super Cool ManChu', 'origin_country': ''}]","[{'iso_3166_1': 'US', 'name': 'United States of America'}]",2003-10-10,180949045,111,"[{'iso_639_1': 'en', 'name': 'English'}, {'iso_639_1': 'ja', 'name': '日本語'}, {'iso_639_1': 'fr', 'name': 'Français'}]",Released,Go for the kill.,Kill Bill: Vol. 1,False,7.9,7477,7.113793103448277
19,19,False,/shg7ZGAGVxhM9ZfOtV6bp93QZwt.jpg,"{'id': 285564, 'name': 'Jarhead Collection', 'poster_path': '/aRFpBjCseFD6UmahAuLdqS7Or5q.jpg', 'backdrop_path': '/ifSnip5tvaHvxLPAyjkiihE6T2I.jpg'}",72000000,"[{'id': 18, 'name': 'Drama'}, {'id': 10752, 'name': 'War'}]",,25,tt0418763,en,Jarhead,"Jarhead is a film about a US Marine Anthony Swofford’s experience in the Gulf War. After putting up with an arduous boot camp, Swofford and his unit are sent to the Persian Gulf where they are eager to fight, but are forced to stay back from the action. Swofford struggles with the possibility of his girlfriend cheating on him, and as his mental state deteriorates, his desire to kill increases.",12.942,/iEYnXqUsfTaKwO1svSa39Ap07of.jpg,"[{'id': 33, 'logo_path': '/8lvHyhjr8oUKOOy2dKXoALWKdp0.png', 'name': 'Universal Pictures', 'origin_country': 'US'}, {'id': 14440, 'logo_path': None, 'name': 'Red Wagon Entertainment', 'origin_country': ''}, {'id': 1522, 'logo_path': None, 'name': 'Neal Street Productions', 'origin_country': 'GB'}, {'id': 19934, 'logo_path': None, 'name': 'Motion Picture KAPPA Produktionsgesellschaft', 'origin_country': ''}]","[{'iso_3166_1': 'DE', 'name': 'Germany'}, {'iso_3166_1': 'US', 'name': 'United States of America'}]",2005-11-04,96889998,123,"[{'iso_639_1': 'en', 'name': 'English'}, {'iso_639_1': 'es', 'name': 'Español'}, {'iso_639_1': 'ar', 'name': 'العربية'}, {'iso_639_1': 'la', 'name': 'Latin'}]",Released,Welcome to the suck.,Jarhead,False,6.6,1074,7.113793103448277
20,20,False,/osVUxR3HdccQG8yBKX3VWp8nVFv.jpg,,1400000,"[{'id': 18, 'name': 'Drama'}]",http://www.walkonwatermovie.com,26,tt0352994,he,LaLehet Al HaMayim,"Eyal, an Israeli Mossad agent, is given the mission to track down and kill the very old Alfred Himmelman, an ex-Nazi officer, who might still be alive. Pretending to be a tourist guide, he befriends his grandson Axel, in Israel to visit his sister Pia. The two men set out on a tour of the country during which, Axel challenges Eyal's values.",1.485,/5BH0k5pauAqywpr4NL9nKYcKC6O.jpg,"[{'id': 15, 'logo_path': None, 'name': 'Lama Films', 'origin_country': ''}, {'id': 16, 'logo_path': '/gf4S6UfByfEaSpDPLl663ivyDRC.png', 'name': 'United King Films', 'origin_country': ''}]","[{'iso_3166_1': 'IL', 'name': 'Israel'}, {'iso_3166_1': 'SE', 'name': 'Sweden'}]",2004-02-05,0,103,"[{'iso_639_1': 'ar', 'name': 'العربية'}, {'iso_639_1': 'en', 'name': 'English'}, {'iso_639_1': 'de', 'name': 'Deutsch'}, {'iso_639_1': 'he', 'name': 'עִבְרִית'}, {'iso_639_1': 'it', 'name': 'Italiano'}, {'iso_639_1': 'tr', 'name': 'Türkçe'}]",Released,He was trained to hate until he met the enemy.,Walk on Water,False,6.9,31,7.113793103448277
21,21,False,/tie8vA3q3Q9BB5RlMlexRvv9xoh.jpg,,1000000,"[{'id': 18, 'name': 'Drama'}, {'id': 10402, 'name': 'Music'}, {'id': 10749, 'name': 'Romance'}]",,27,tt0411705,en,9 Songs,"Matt, a young glaciologist, soars across the vast, silent, icebound immensities of the South Pole as he recalls his love affair with Lisa. They meet at a mobbed rock concert in a vast music hall - London's Brixton Academy. They are in bed at night's end. Together, over a period of several months, they pursue a mutual sexual passion whose inevitable stages unfold in counterpoint to nine live-concert songs.",6.206,/91O7z0vo7MiNWd5xD2BoivwbQsb.jpg,"[{'id': 163, 'logo_path': None, 'name': 'Revolution Films', 'origin_country': ''}]","[{'iso_3166_1': 'GB', 'name': 'United Kingdom'}]",2004-07-16,1574623,66,"[{'iso_639_1': 'en', 'name': 'English'}]",Released,"2 lovers, one summer, and the 9 songs that defined them.",9 Songs,False,4.9,148,7.113793103448277
22,22,False,/k91Dag8AZbhjIJqrtf7F1bQnGPg.jpg,,31500000,"[{'id': 18, 'name': 'Drama'}, {'id': 10752, 'name': 'War'}]",http://www.apocalypsenow.com,28,tt0078788,en,Apocalypse Now,"At the height of the Vietnam war, Captain Benjamin Willard is sent on a dangerous mission that, officially, ""does not exist, nor will it ever exist."" His goal is to locate - and eliminate - a mysterious Green Beret Colonel named Walter Kurtz, who has been leading his personal army on illegal guerrilla missions into enemy territory.",15.144,/jcvJ2xcVWU9Wh0hZAxcs103s8nN.jpg,"[{'id': 60, 'logo_path': '/2eqFolQI0NLL7ExZts5MnLLaPwX.png', 'name': 'United Artists', 'origin_country': ''}, {'id': 26663, 'logo_path': None, 'name': 'Zoetrope Studios', 'origin_country': ''}]","[{'iso_3166_1': 'US', 'name': 'United States of America'}]",1979-08-15,89460381,147,"[{'iso_639_1': 'km', 'name': ''}, {'iso_639_1': 'en', 'name': 'English'}, {'iso_639_1': 'fr', 'name': 'Français'}, {'iso_639_1': 'vi', 'name': 'Tiếng Việt'}]",Released,This is the end...,Apocalypse Now,False,8.2,3112,7.113793103448277
23,23,False,/8A11sHkxWPHtXM1H3jzuWZpAvg5.jpg,,0,"[{'id': 16, 'name': 'Animation'}, {'id': 878, 'name': 'Science Fiction'}]",,30,tt1530535,ja,彼女の想いで,Koji Morimato’s animated science fiction short story about how the border between reality and illusion on a space station becomes blurry.,3.2089999999999996,/1A59xquD5rZeQRgjMfI4qu1ZvcQ.jpg,"[{'id': 11671, 'logo_path': '/iRdYQdn1eunwV3qAs6RK5Mqwn8Z.png', 'name': 'Studio 4°C', 'origin_country': 'JP'}]","[{'iso_3166_1': 'JP', 'name': 'Japan'}]",1995-12-23,0,44,"[{'iso_639_1': 'ja', 'name': '日本語'}]",Released,,Magnetic Rose,False,6.3,23,7.113793103448277
24,24,False,/limMzynPgBuDVKTSngwtNaWdVaZ.jpg,,0,"[{'id': 28, 'name': 'Action'}, {'id': 16, 'name': 'Animation'}, {'id': 35, 'name': 'Comedy'}]",,31,tt6266826,ja,最臭兵器,Tensai Okamura’s animated action packed short story with lots of humorous elements in which a person transforms into a weapon of mass destruction without themselves being aware.,1.609,/1xdmuE5txar8OuZbVkfcuiIl1Vu.jpg,"[{'id': 11671, 'logo_path': '/iRdYQdn1eunwV3qAs6RK5Mqwn8Z.png', 'name': 'Studio 4°C', 'origin_country': 'JP'}]","[{'iso_3166_1': 'JP', 'name': 'Japan'}]",1995-12-23,0,40,"[{'iso_639_1': 'ja', 'name': '日本語'}]",Released,,Stink Bomb,False,5.8,6,7.113793103448277
25,25,False,/9FF31wgbyFM1zeBNsRzhjGHMMaS.jpg,,0,"[{'id': 16, 'name': 'Animation'}, {'id': 36, 'name': 'History'}]",,32,tt6264824,ja,大砲の街,Otomo Katsuhiro’s short anime story,1.256,/oJdlkTtDvvpgagO2JWBBxGq5mMN.jpg,"[{'id': 11671, 'logo_path': '/iRdYQdn1eunwV3qAs6RK5Mqwn8Z.png', 'name': 'Studio 4°C', 'origin_country': 'JP'}]","[{'iso_3166_1': 'JP', 'name': 'Japan'}]",1995-12-23,0,21,"[{'iso_639_1': 'ja', 'name': '日本語'}]",Released,,Cannon Fodder,False,6.2,8,7.113793103448277
26,26,False,/nKYH8DaWjKE3RhEyaa0Ue01kPCp.jpg,,14000000,"[{'id': 37, 'name': 'Western'}]",,33,tt0105695,en,Unforgiven,"William Munny is a retired, once-ruthless killer turned gentle widower and hog farmer. To help support his two motherless children, he accepts one last bounty-hunter mission to find the men who brutalized a prostitute. Joined by his former partner and a cocky greenhorn, he takes on a corrupt sheriff.",17.982,/km6qw4qUkHQRN5y2U1juM1WkBFh.jpg,"[{'id': 171, 'logo_path': None, 'name': 'Malpaso Productions', 'origin_country': 'US'}, {'id': 174, 'logo_path': '/ky0xOc5OrhzkZ1N6KyUxacfQsCk.png', 'name': 'Warner Bros. Pictures', 'origin_country': 'US'}]","[{'iso_3166_1': 'US', 'name': 'United States of America'}]",1992-08-07,159157447,131,"[{'iso_639_1': 'en', 'name': 'English'}]",Released,Some legends will never be forgotten. Some wrongs can never be forgiven.,Unforgiven,False,7.9,1581,7.113793103448277
27,27,False,/gMjtdTP6HIi7CDilqXwnX8vouxO.jpg,,75000000,"[{'id': 16, 'name': 'Animation'}, {'id': 35, 'name': 'Comedy'}, {'id': 10751, 'name': 'Family'}]",http://www.simpsonsmovie.com/,35,tt0462538,en,The Simpsons Movie,"After Homer accidentally pollutes the town's water supply, Springfield is encased in a gigantic dome by the EPA and the Simpsons are declared fugitives.",9.995,/eCytnEriVur3rT47NWfkgPXD9qs.jpg,"[{'id': 80853, 'logo_path': None, 'name': 'AKOM Production Company', 'origin_country': ''}, {'id': 18, 'logo_path': '/kxG3lFjyqW5VDivYtdJ1DHJbsL3.png', 'name': 'Gracie Films', 'origin_country': 'US'}, {'id': 96084, 'logo_path': None, 'name': 'Rough Draft Feature Animation', 'origin_country': ''}, {'id': 19, 'logo_path': None, 'name': 'Film Roman', 'origin_country': ''}, {'id': 25, 'logo_path': '/qZCc1lty5FzX30aOCVRBLzaVmcp.png', 'name': '20th Century Fox', 'origin_country': 'US'}]","[{'iso_3166_1': 'US', 'name': 'United States of America'}]",2006-07-26,527068851,87,"[{'iso_639_1': 'en', 'name': 'English'}]",Released,See our family. And feel better about yours.,The Simpsons Movie,False,6.9,3644,7.113793103448277
28,28,False,/kxRyIObPlSVIdpC5ZOa9aPhwDDh.jpg,,20000000,"[{'id': 878, 'name': 'Science Fiction'}, {'id': 18, 'name': 'Drama'}, {'id': 10749, 'name': 'Romance'}]",http://www.eternalsunshine.com,38,tt0338013,en,Eternal Sunshine of the Spotless Mind,"Joel Barish, heartbroken that his girlfriend underwent a procedure to erase him from her memory, decides to do the same. However, as he watches his memories of her fade away, he realises that he still loves her, and may be too late to correct his mistake.",17.258,/7y3eYvTsGjxPYDtSnumCLIMDkrV.jpg,"[{'id': 10146, 'logo_path': '/xnFIOeq5cKw09kCWqV7foWDe4AA.png', 'name': 'Focus Features', 'origin_country': 'US'}, {'id': 10039, 'logo_path': '/b8w4LldQolMKiLZw4FQJBcXSDGI.png', 'name': 'Anonymous Content', 'origin_country': 'US'}, {'id': 10059, 'logo_path': None, 'name': 'This Is That Productions', 'origin_country': ''}]","[{'iso_3166_1': 'US', 'name': 'United States of America'}]",2004-03-19,72258126,108,"[{'iso_639_1': 'en', 'name': 'English'}]",Released,You can erase someone from your mind. Getting them out of your heart is another story.,Eternal Sunshine of the Spotless Mind,False,8.0,5757,7.113793103448277
0,0,False,/AuXC0SsPZaAfddtSMnxSnbEeEjR.jpg,,2000000,"[{'id': 18, 'name': 'Drama'}, {'id': 53, 'name': 'Thriller'}]",,55,tt0245712,es,Amores perros,Three different people in Mexico City are catapulted into dramatic and unforeseen circumstances in the wake of a terrible car crash: a young punk stumbles into the sinister underground world of dog fighting; an injured supermodel's designer pooch disappears into the apartment's floorboards; and an ex-radical turned hit man rescues a gunshot Rotweiler.,6.882000000000001,/8gEXmIzw1tDnBfOaCFPimkNIkmm.jpg,"[{'id': 5084, 'logo_path': None, 'name': 'Altavista Films', 'origin_country': ''}, {'id': 11230, 'logo_path': None, 'name': 'Zeta Film', 'origin_country': ''}]","[{'iso_3166_1': 'MX', 'name': 'Mexico'}]",2000-06-16,20908467,154,"[{'iso_639_1': 'es', 'name': 'Español'}]",Released,Love. Betrayal. Death.,Amores perros,False,7.7,772,7.405000000000001
1,1,False,/yD3gXOtGmXnbJBPLgqluZU2QF5c.jpg,"{'id': 295, 'name': 'Pirates of the Caribbean Collection', 'poster_path': '/zT5UKFhq9nk97VGlBbAxlAK8UFN.jpg', 'backdrop_path': '/zJd4E0ImT1U6O8k6aX3ssc9iUBS.jpg'}",200000000,"[{'id': 12, 'name': 'Adventure'}, {'id': 14, 'name': 'Fantasy'}, {'id': 28, 'name': 'Action'}]",http://disney.go.com/disneypictures/pirates/,58,tt0383574,en,Pirates of the Caribbean: Dead Man's Chest,"Captain Jack Sparrow works his way out of a blood debt with the ghostly Davey Jones, he also attempts to avoid eternal damnation.",24.03,/waFr5RVKaQ9dzOt3nQuIVB1FiPu.jpg,"[{'id': 2, 'logo_path': '/4MbjW4f9bu6LvlDmyIvfyuT3boj.png', 'name': 'Walt Disney Pictures', 'origin_country': 'US'}, {'id': 130, 'logo_path': '/c9dVHPOL3cqCr2593Ahk0nEKTEM.png', 'name': 'Jerry Bruckheimer Films', 'origin_country': 'US'}, {'id': 19936, 'logo_path': None, 'name': 'Second Mate Productions', 'origin_country': ''}]","[{'iso_3166_1': 'US', 'name': 'United States of America'}]",2006-06-20,1065659812,151,"[{'iso_639_1': 'en', 'name': 'English'}, {'iso_639_1': 'tr', 'name': 'Türkçe'}, {'iso_639_1': 'el', 'name': 'ελληνικά'}, {'iso_639_1': 'zh', 'name': '普通话'}]",Released,Jack is back!,Pirates of the Caribbean: Dead Man's Chest,False,7.1,7704,7.405000000000001
2,2,False,/8rbvmhGmUqEjLmo2mDycTazEaAc.jpg,,32000000,"[{'id': 18, 'name': 'Drama'}, {'id': 53, 'name': 'Thriller'}, {'id': 80, 'name': 'Crime'}]",,59,tt0399146,en,A History of Violence,An average family is thrust into the spotlight after the father commits a seemingly self-defense murder at his diner.,10.273,/mz1qCHXxTUJm2AqOdW3IIpwYdo3.jpg,"[{'id': 12, 'logo_path': '/iaYpEp3LQmb8AfAtmTvpqd4149c.png', 'name': 'New Line Cinema', 'origin_country': 'US'}, {'id': 429, 'logo_path': '/2Tc1P3Ac8M479naPp1kYT3izLS5.png', 'name': 'DC Comics', 'origin_country': 'US'}, {'id': 6363, 'logo_path': None, 'name': 'BenderSpink', 'origin_country': ''}]","[{'iso_3166_1': 'US', 'name': 'United States of America'}, {'iso_3166_1': 'CA', 'name': 'Canada'}, {'iso_3166_1': 'DE', 'name': 'Germany'}]",2005-09-23,60740827,96,"[{'iso_639_1': 'en', 'name': 'English'}]",Released,Tom Stall had the perfect life... until he became a hero.,A History of Violence,False,7.1,1199,7.405000000000001
3,3,False,/6gyZF4SeifiUUYDELkCS8nOqsu2.jpg,"{'id': 4438, 'name': 'The Space Odyssey Series', 'poster_path': '/i1WdRtc6aObiwGz5NU8WWPW3r1N.jpg', 'backdrop_path': '/15FumSExI9SRoL7QJWZAsA0b10c.jpg'}",10500000,"[{'id': 878, 'name': 'Science Fiction'}, {'id': 9648, 'name': 'Mystery'}, {'id': 12, 'name': 'Adventure'}]",http://2001spaceodysseymovie.com,62,tt0062622,en,2001: A Space Odyssey,"Humanity finds a mysterious object buried beneath the lunar surface and sets off to find its origins with the help of HAL 9000, the world's most advanced super computer.",19.114,/90T7b2LIrL07ndYQBmSm09yqVEH.jpg,"[{'id': 385, 'logo_path': None, 'name': 'Stanley Kubrick Productions', 'origin_country': ''}, {'id': 21, 'logo_path': '/mjofSXiHpG5t6KYmU4l4FrUhT7m.png', 'name': 'Metro-Goldwyn-Mayer', 'origin_country': 'US'}]","[{'iso_3166_1': 'GB', 'name': 'United Kingdom'}, {'iso_3166_1': 'US', 'name': 'United States of America'}]",1968-04-09,68700000,149,"[{'iso_639_1': 'en', 'name': 'English'}, {'iso_639_1': 'ru', 'name': 'Pусский'}]",Released,An epic drama of adventure and exploration,2001: A Space Odyssey,False,8.0,4591,7.405000000000001
4,4,False,/6KXbhaxkgExC5EdDqAzRinhmoZ8.jpg,,29500000,"[{'id': 878, 'name': 'Science Fiction'}, {'id': 53, 'name': 'Thriller'}, {'id': 9648, 'name': 'Mystery'}]",,63,tt0114746,en,Twelve Monkeys,"In the year 2035, convict James Cole reluctantly volunteers to be sent back in time to discover the origin of a deadly virus that wiped out nearly all of the earth's population and forced the survivors into underground communities. But when Cole is mistakenly sent to 1990 instead of 1996, he's arrested and locked up in a mental hospital. There he meets psychiatrist Dr. Kathryn Railly, and patient Jeffrey Goines, the son of a famous virus expert, who may hold the key to the mysterious rogue group, the Army of the 12 Monkeys, thought to be responsible for unleashing the killer disease.",15.105,/6Sj9wDu3YugthXsU0Vry5XFAZGg.jpg,"[{'id': 33, 'logo_path': '/8lvHyhjr8oUKOOy2dKXoALWKdp0.png', 'name': 'Universal Pictures', 'origin_country': 'US'}, {'id': 507, 'logo_path': '/z7H707qUWigbjHnJDMfj6QITEpb.png', 'name': 'Atlas Entertainment', 'origin_country': 'US'}, {'id': 17031, 'logo_path': None, 'name': 'Classico', 'origin_country': ''}]","[{'iso_3166_1': 'US', 'name': 'United States of America'}]",1995-12-29,168840000,129,"[{'iso_639_1': 'en', 'name': 'English'}, {'iso_639_1': 'fr', 'name': 'Français'}]",Released,The future is history.,Twelve Monkeys,False,7.5,3562,7.405000000000001
5,5,False,/3QFJkOSvFOYs8kUhXfJ8nE4UBU6.jpg,,0,"[{'id': 18, 'name': 'Drama'}, {'id': 10749, 'name': 'Romance'}]",,64,tt0287467,es,Hable con ella,Two men share an odd friendship while they care for two women who are both in deep comas.,8.523,/klsBB1YEGRyC7YjiLYCKIqkU6pY.jpg,"[{'id': 357, 'logo_path': None, 'name': 'Vía Digital', 'origin_country': ''}, {'id': 10565, 'logo_path': None, 'name': 'Good Machine', 'origin_country': ''}, {'id': 11736, 'logo_path': None, 'name': 'El Deseo S.A.', 'origin_country': ''}, {'id': 11737, 'logo_path': None, 'name': 'Antena 3 Televisión', 'origin_country': ''}]","[{'iso_3166_1': 'ES', 'name': 'Spain'}]",2002-03-14,51001550,112,"[{'iso_639_1': 'es', 'name': 'Español'}]",Released,,Talk to Her,False,7.6,377,7.405000000000001
6,6,False,/v8mJvyNO86mcmY00FlxxRcOoDJy.jpg,,41000000,"[{'id': 18, 'name': 'Drama'}]",,65,tt0298203,en,8 Mile,"The setting is Detroit in 1995. The city is divided by 8 Mile, a road that splits the town in half along racial lines. A young white rapper, Jimmy ""B-Rabbit"" Smith Jr. summons strength within himself to cross over these arbitrary boundaries to fulfill his dream of success in hip hop. With his pal Future and the three one third in place, all he has to do is not choke.",11.562000000000001,/dXzTrKwpbLpCqn8O70FUUhNbYQT.jpg,"[{'id': 24, 'logo_path': None, 'name': 'Mikona Productions GmbH & Co. KG', 'origin_country': ''}, {'id': 23, 'logo_path': '/mkxNjThahj5pvntvYKVpMbWXm3D.png', 'name': 'Imagine Entertainment', 'origin_country': 'US'}]","[{'iso_3166_1': 'US', 'name': 'United States of America'}]",2002-11-08,242875078,110,"[{'iso_639_1': 'en', 'name': 'English'}]",Released,Every moment is another chance.,8 Mile,False,6.9,2549,7.405000000000001
7,7,False,/zDSAJ8xpbq1jekZOT2DL9yasMEv.jpg,,50000000,"[{'id': 80, 'name': 'Crime'}, {'id': 18, 'name': 'Drama'}, {'id': 53, 'name': 'Thriller'}, {'id': 9648, 'name': 'Mystery'}]",,66,tt0118548,en,Absolute Power,A master thief coincidentally is robbing a house where a murder in which the President of The United States is involved occurs in front of his eyes. He is forced to run yet may hold evidence that could convict the President. A political thriller from and starring Clint Eastwood and based on a novel by David Baldacci.,7.255,/oJQdp09Oc51DkArsMDvgDLdWiDu.jpg,"[{'id': 5, 'logo_path': '/71BqEFAF4V3qjjMPCpLuyJFB9A.png', 'name': 'Columbia Pictures', 'origin_country': 'US'}, {'id': 97, 'logo_path': '/7znWcbDd4PcJzJUlJxYqAlPPykp.png', 'name': 'Castle Rock Entertainment', 'origin_country': 'US'}, {'id': 171, 'logo_path': None, 'name': 'Malpaso Productions', 'origin_country': 'US'}]","[{'iso_3166_1': 'US', 'name': 'United States of America'}]",1997-02-14,50068310,121,"[{'iso_639_1': 'en', 'name': 'English'}, {'iso_639_1': 'es', 'name': 'Español'}]",Released,Corrupts Absolutely.,Absolute Power,False,6.5,314,7.405000000000001
8,8,False,/lz1iJlKRBMtE6uHauUneX7THa0c.jpg,,0,"[{'id': 53, 'name': 'Thriller'}, {'id': 80, 'name': 'Crime'}, {'id': 18, 'name': 'Drama'}]",http://wip.warnerbros.com/paradisenow/,67,tt0445620,en,Paradise Now,Paradise Now is filmed from the perspective of two Palestinian men who are preparing to perform a suicide attack in Israel. This is the first film to deal with the subject of suicide bombers.,3.8939999999999997,/qWZkYa8VdcDZk8uzRB2PfhpM9IL.jpg,"[{'id': 850, 'logo_path': '/aF7qajGJGtMpdrtvssM9g90YanX.png', 'name': 'Eurimages', 'origin_country': ''}, {'id': 15, 'logo_path': None, 'name': 'Lama Films', 'origin_country': ''}, {'id': 89, 'logo_path': None, 'name': 'Augustus Film', 'origin_country': ''}, {'id': 91, 'logo_path': None, 'name': 'Lama Productions', 'origin_country': ''}, {'id': 93, 'logo_path': None, 'name': 'Lumer Films', 'origin_country': ''}, {'id': 95, 'logo_path': None, 'name': 'Hazazah Film', 'origin_country': ''}, {'id': 315, 'logo_path': None, 'name': 'Filmstiftung Nordrhein-Westfalen', 'origin_country': ''}, {'id': 703, 'logo_path': None, 'name': 'Razor Film Produktion GmbH', 'origin_country': ''}, {'id': 4508, 'logo_path': '/sUq2S2ndKxp1B2NjbMJbSNlPI8V.png', 'name': 'Nederlands Fonds voor de Film', 'origin_country': 'NL'}, {'id': 7307, 'logo_path': None, 'name': 'Medienboard Berlin-Brandenburg', 'origin_country': ''}, {'id': 94, 'logo_path': '/huC7HqorvUThGIrENrbcHmQVUA0.png', 'name': 'ARTE France Cinéma', 'origin_country': 'FR'}]","[{'iso_3166_1': 'PS', 'name': 'Palestinian Territory'}, {'iso_3166_1': 'FR', 'name': 'France'}, {'iso_3166_1': 'DE', 'name': 'Germany'}, {'iso_3166_1': 'IL', 'name': 'Israel'}, {'iso_3166_1': 'NL', 'name': 'Netherlands'}]",2005-02-14,3357075,90,"[{'iso_639_1': 'ar', 'name': 'العربية'}, {'iso_639_1': 'en', 'name': 'English'}]",Released,"From the most unexpected place, come a  new call for peace.",Paradise Now,False,7.0,87,7.405000000000001
9,9,False,/pVlZBKp8v3Jzd0ahPmrBGlbeQ2s.jpg,,15000000,"[{'id': 35, 'name': 'Comedy'}, {'id': 878, 'name': 'Science Fiction'}]",,68,tt0088846,en,Brazil,"Low-level bureaucrat Sam Lowry escapes the monotony of his day-to-day life through a recurring daydream of himself as a virtuous hero saving a beautiful damsel. Investigating a case that led to the wrongful arrest and eventual death of an innocent man instead of wanted terrorist Harry Tuttle, he meets the woman from his daydream, and in trying to help her gets caught in a web of mistaken identities, mindless bureaucracy and lies.",11.929,/55Vfc1beLn3pJF4Lw83TRKHenK6.jpg,"[{'id': 10214, 'logo_path': None, 'name': 'Embassy International Pictures', 'origin_country': ''}]","[{'iso_3166_1': 'GB', 'name': 'United Kingdom'}]",1985-02-20,0,132,"[{'iso_639_1': 'en', 'name': 'English'}]",Released,It's only a state of mind.,Brazil,False,7.7,1278,7.405000000000001
10,10,False,/oT79THuFrcBzrhlf4fiCddwZBCQ.jpg,,28000000,"[{'id': 18, 'name': 'Drama'}, {'id': 10402, 'name': 'Music'}, {'id': 10749, 'name': 'Romance'}]",,69,tt0358273,en,Walk the Line,"A chronicle of country music legend Johnny Cash's life, from his early days on an Arkansas cotton farm to his rise to fame with Sun Records in Memphis, where he recorded alongside Elvis Presley, Jerry Lee Lewis and Carl Perkins.",9.447000000000001,/wdxL3Zyh3O5MIbmsSiZEevJAjtQ.jpg,"[{'id': 6402, 'logo_path': None, 'name': 'Mars Media Beteiligungs', 'origin_country': ''}, {'id': 84, 'logo_path': None, 'name': 'Tree Line Films', 'origin_country': ''}, {'id': 85, 'logo_path': None, 'name': 'Konrad Pictures', 'origin_country': ''}, {'id': 86, 'logo_path': None, 'name': 'Catfish Productions', 'origin_country': ''}, {'id': 711, 'logo_path': '/tEiIH5QesdheJmDAqQwvtN60727.png', 'name': 'Fox 2000 Pictures', 'origin_country': 'US'}]","[{'iso_3166_1': 'DE', 'name': 'Germany'}, {'iso_3166_1': 'US', 'name': 'United States of America'}]",2005-09-13,186438883,136,"[{'iso_639_1': 'en', 'name': 'English'}, {'iso_639_1': 'ru', 'name': 'Pусский'}]",Released,Love is a burning thing.,Walk the Line,False,7.4,1063,7.405000000000001
11,11,False,/7nGW4MhYQ7sJfp482XkrgqPYQ2S.jpg,,30000000,"[{'id': 18, 'name': 'Drama'}]",http://www.milliondollarbaby-derfilm.de/,70,tt0405159,en,Million Dollar Baby,"Despondent over a painful estrangement from his daughter, trainer Frankie Dunn isn't prepared for boxer Maggie Fitzgerald to enter his life. But Maggie's determined to go pro and to convince Dunn and his cohort to help her.",21.396,/h4VZKi2Jt4VoBYJmtC4c3bO8KqM.jpg,"[{'id': 126, 'logo_path': '/kADPanRDkKTxncPXXVahvHPUvCj.png', 'name': 'Lakeshore Entertainment', 'origin_country': 'US'}, {'id': 171, 'logo_path': None, 'name': 'Malpaso Productions', 'origin_country': 'US'}, {'id': 1171, 'logo_path': None, 'name': 'Epsilon Motion Pictures', 'origin_country': 'CH'}, {'id': 16311, 'logo_path': None, 'name': 'Albert S. Ruddy Productions', 'origin_country': ''}, {'id': 174, 'logo_path': '/ky0xOc5OrhzkZ1N6KyUxacfQsCk.png', 'name': 'Warner Bros. Pictures', 'origin_country': 'US'}]","[{'iso_3166_1': 'US', 'name': 'United States of America'}]",2004-12-15,216763646,132,"[{'iso_639_1': 'en', 'name': 'English'}, {'iso_639_1': 'ga', 'name': 'Gaeilge'}]",Released,"Beyond his silence, there is a past. Beyond her dreams, there is a feeling. Beyond hope, there is a memory. Beyond their journey, there is a love.",Million Dollar Baby,False,7.9,3820,7.405000000000001
12,12,False,/vlnhKUvu335ZM8wSD27MaFHpNu2.jpg,,5000000,"[{'id': 18, 'name': 'Drama'}, {'id': 35, 'name': 'Comedy'}, {'id': 10402, 'name': 'Music'}]",,71,tt0249462,en,Billy Elliot,"Set against the background of the 1984 Miner's Strike, Billy Elliot is an 11 year old boy who stumbles out of the boxing ring and onto the ballet floor. He faces many trials and triumphs as he strives to conquer his family's set ways, inner conflict, and standing on his toes!",9.437000000000001,/6VaP1H3MOW5jdkWqS5Q1NapCOS6.jpg,"[{'id': 694, 'logo_path': '/5LEHONGkZBIoWvp1ygHOF8iyi1M.png', 'name': 'StudioCanal', 'origin_country': 'FR'}, {'id': 288, 'logo_path': '/wdmwQuV4R1MIr8A78izZkC184uC.png', 'name': 'BBC Films', 'origin_country': 'GB'}, {'id': 686, 'logo_path': '/4iNYa6SX8Eoc8SOxGkmsfY8VSjR.png', 'name': 'Tiger Aspect Productions', 'origin_country': 'GB'}, {'id': 718, 'logo_path': None, 'name': 'Arts Council of England', 'origin_country': ''}, {'id': 10163, 'logo_path': '/cifwIG2aVR1dRis6yoiilq4qeIh.png', 'name': 'Working Title Films', 'origin_country': 'GB'}, {'id': 10462, 'logo_path': None, 'name': 'WT2 Productions', 'origin_country': ''}]","[{'iso_3166_1': 'FR', 'name': 'France'}, {'iso_3166_1': 'GB', 'name': 'United Kingdom'}]",2000-05-18,110000000,110,"[{'iso_639_1': 'en', 'name': 'English'}]",Released,Inside every one of us is a special talent waiting to come out. The trick is finding it.,Billy Elliot,False,7.5,1332,7.405000000000001
13,13,False,/i9A0UMFg1hI2kLyCCwnmSbpT2cd.jpg,,20000000,"[{'id': 18, 'name': 'Drama'}]",http://www.historyx.com/,73,tt0120586,en,American History X,"Derek Vineyard is paroled after serving 3 years in prison for killing two thugs who tried to break into/steal his truck. Through his brother, Danny Vineyard's narration, we learn that before going to prison, Derek was a skinhead and the leader of a violent white supremacist gang that committed acts of racial crime throughout L.A. and his actions greatly influenced Danny. Reformed and fresh out of prison, Derek severs contact with the gang and becomes determined to keep Danny from going down the same violent path as he did.",12.925999999999998,/fXepRAYOx1qC3wju7XdDGx60775.jpg,"[{'id': 12, 'logo_path': '/iaYpEp3LQmb8AfAtmTvpqd4149c.png', 'name': 'New Line Cinema', 'origin_country': 'US'}, {'id': 11308, 'logo_path': None, 'name': 'Savoy Pictures', 'origin_country': ''}, {'id': 924, 'logo_path': None, 'name': 'The Turman-Morrissey Company', 'origin_country': ''}]","[{'iso_3166_1': 'US', 'name': 'United States of America'}]",1998-10-30,23875127,119,"[{'iso_639_1': 'en', 'name': 'English'}]",Released,Some Legacies Must End.,American History X,False,8.3,4673,7.405000000000001
14,14,False,/AssNSBTmiYXpseW659qNw3ngTC0.jpg,,132000000,"[{'id': 12, 'name': 'Adventure'}, {'id': 53, 'name': 'Thriller'}, {'id': 878, 'name': 'Science Fiction'}]",,74,tt0407304,en,War of the Worlds,"Ray Ferrier is a divorced dockworker and less-than-perfect father. Soon after his ex-wife and her new husband drop of his teenage son and young daughter for a rare weekend visit, a strange and powerful lightning storm touches down.",16.164,/xXMM9KY2eq1SDOQif9zO91YOBA8.jpg,"[{'id': 4, 'logo_path': '/fycMZt242LVjagMByZOLUGbCvv3.png', 'name': 'Paramount', 'origin_country': 'US'}, {'id': 56, 'logo_path': '/cEaxANEisCqeEoRvODv2dO1I0iI.png', 'name': 'Amblin Entertainment', 'origin_country': 'US'}, {'id': 44, 'logo_path': None, 'name': 'Cruise/Wagner Productions', 'origin_country': ''}, {'id': 7, 'logo_path': '/9YHAhaqpFKDq66Alz7HrYd1iM6G.png', 'name': 'DreamWorks', 'origin_country': 'US'}]","[{'iso_3166_1': 'US', 'name': 'United States of America'}]",2005-06-28,591739379,116,"[{'iso_639_1': 'en', 'name': 'English'}]",Released,They're already here.,War of the Worlds,False,6.3,3557,7.405000000000001
15,15,False,/bAlizRLmB0yJubWCwtJyofBfY0f.jpg,,70000000,"[{'id': 35, 'name': 'Comedy'}, {'id': 14, 'name': 'Fantasy'}, {'id': 878, 'name': 'Science Fiction'}]",http://marsattacks.warnerbros.com/,75,tt0116996,en,Mars Attacks!,"'We come in peace' is not what those green men from Mars mean when they invade our planet, armed with irresistible weapons and a cruel sense of humor.  This star studded cast must play victim to the alien’s fun and games in this comedy homage to science fiction films of the '50s and '60s.",10.217,/gaTuHICwavPUmqQzPZFEXKSRwsC.jpg,"[{'id': 8601, 'logo_path': None, 'name': 'Tim Burton Productions', 'origin_country': ''}]","[{'iso_3166_1': 'US', 'name': 'United States of America'}]",1996-12-12,101371017,106,"[{'iso_639_1': 'en', 'name': 'English'}, {'iso_639_1': 'fr', 'name': 'Français'}]",Released,Nice planet. We'll take it!,Mars Attacks!,False,6.2,2271,7.405000000000001
16,16,False,/9gWKk62shxDgaS3suAteyAto8HO.jpg,"{'id': 123800, 'name': 'Before... Collection', 'poster_path': '/bBS1CfspKXq5RBok85hYvtW9ZwE.jpg', 'backdrop_path': '/to3l6Gwzd7FGWa9Spc708IP1K7l.jpg'}",2500000,"[{'id': 18, 'name': 'Drama'}, {'id': 10749, 'name': 'Romance'}]",,76,tt0112471,en,Before Sunrise,"On his way to Vienna, American Jesse meets Céline, a student returning to Paris. After long conversations forge a surprising connection between them, Jesse convinces Celine to get off the train with him in Vienna. Since his flight to the U.S. departs the next morning and he has no money for lodging, they wander the city together, taking in the experiences of Vienna and each other.",8.45,/jsQy4ZbPHA8hE2O6QU05PpofI61.jpg,"[{'id': 98, 'logo_path': None, 'name': 'Detour Film Production', 'origin_country': ''}, {'id': 97, 'logo_path': '/7znWcbDd4PcJzJUlJxYqAlPPykp.png', 'name': 'Castle Rock Entertainment', 'origin_country': 'US'}, {'id': 104576, 'logo_path': None, 'name': 'Filmhaus Wien', 'origin_country': ''}, {'id': 5, 'logo_path': '/71BqEFAF4V3qjjMPCpLuyJFB9A.png', 'name': 'Columbia Pictures', 'origin_country': 'US'}]","[{'iso_3166_1': 'AT', 'name': 'Austria'}, {'iso_3166_1': 'CH', 'name': 'Switzerland'}, {'iso_3166_1': 'US', 'name': 'United States of America'}]",1995-01-27,5535405,101,"[{'iso_639_1': 'en', 'name': 'English'}, {'iso_639_1': 'de', 'name': 'Deutsch'}, {'iso_639_1': 'fr', 'name': 'Français'}]",Released,Can the greatest romance of your life last only one night?,Before Sunrise,False,7.8,1400,7.405000000000001
17,17,False,/puuwLLytKjZuv73SFqBihd6X5ES.jpg,,9000000,"[{'id': 9648, 'name': 'Mystery'}, {'id': 53, 'name': 'Thriller'}]",http://www.otnemem.com/,77,tt0209144,en,Memento,"Leonard Shelby is tracking down the man who raped and murdered his wife. The difficulty, however, of locating his wife's killer is compounded by the fact that he suffers from a rare, untreatable form of memory loss. Although he can recall details of life before his accident, Leonard cannot remember what happened fifteen minutes ago, where he's going, or why.",15.220999999999998,/fQMSaP88cf1nz4qwuNEEFtazuDM.jpg,"[{'id': 491, 'logo_path': '/rUp0lLKa1pr4UsPm8fgzmnNGxtq.png', 'name': 'Summit Entertainment', 'origin_country': 'US'}, {'id': 506, 'logo_path': None, 'name': 'Newmarket Capital Group', 'origin_country': ''}, {'id': 598, 'logo_path': None, 'name': 'Team Todd', 'origin_country': ''}, {'id': 34446, 'logo_path': None, 'name': 'I Remember Productions', 'origin_country': ''}]","[{'iso_3166_1': 'US', 'name': 'United States of America'}]",2000-10-11,39723096,113,"[{'iso_639_1': 'en', 'name': 'English'}]",Released,Some memories are best forgotten.,Memento,False,8.2,6316,7.405000000000001
18,18,False,/5hJ0XDCxE3qGfp1H3h7HQP9rLfU.jpg,"{'id': 422837, 'name': 'Blade Runner Collection', 'poster_path': '/cWESb1o9lW2i2Z3Xllv9u40aNIk.jpg', 'backdrop_path': '/bSHZIvLoPBWyGLeiAudN1mXdvQX.jpg'}",28000000,"[{'id': 878, 'name': 'Science Fiction'}, {'id': 18, 'name': 'Drama'}, {'id': 53, 'name': 'Thriller'}]",http://www.warnerbros.com/blade-runner,78,tt0083658,en,Blade Runner,"In the smog-choked dystopian Los Angeles of 2019, blade runner Rick Deckard is called out of retirement to terminate a quartet of replicants who have escaped to Earth seeking their creator for a way to extend their short life spans.",25.021,/vfzE3pjE5G7G7kcZWrA3fnbZo7V.jpg,"[{'id': 5798, 'logo_path': '/nPGLMS26OKdu6T7RYakXGYVXFzK.png', 'name': 'Shaw Brothers', 'origin_country': ''}, {'id': 7965, 'logo_path': None, 'name': 'The Ladd Company', 'origin_country': 'US'}, {'id': 174, 'logo_path': '/ky0xOc5OrhzkZ1N6KyUxacfQsCk.png', 'name': 'Warner Bros. Pictures', 'origin_country': 'US'}]","[{'iso_3166_1': 'US', 'name': 'United States of America'}, {'iso_3166_1': 'HK', 'name': 'Hong Kong'}, {'iso_3166_1': 'GB', 'name': 'United Kingdom'}]",1982-06-25,32868943,117,"[{'iso_639_1': 'en', 'name': 'English'}, {'iso_639_1': 'de', 'name': 'Deutsch'}, {'iso_639_1': 'cn', 'name': '广州话 / 廣州話'}, {'iso_639_1': 'ja', 'name': '日本語'}, {'iso_639_1': 'hu', 'name': 'Magyar'}]",Released,Man has made his match... now it's his problem.,Blade Runner,False,7.9,6140,7.405000000000001
19,19,False,/xC9DRxpKgqJKDYLa9mkNa74eX4q.jpg,,31000000,"[{'id': 18, 'name': 'Drama'}, {'id': 12, 'name': 'Adventure'}, {'id': 28, 'name': 'Action'}, {'id': 36, 'name': 'History'}]",,79,tt0299977,zh,英雄,One man defeated three assassins who sought to murder the most powerful warlord in pre-unified China.,9.549,/xkJnow23eDxwQXB0iIWAWkBF47y.jpg,"[{'id': 724, 'logo_path': None, 'name': 'Beijing New Picture Film Co. Ltd.', 'origin_country': ''}, {'id': 2269, 'logo_path': None, 'name': 'China Film Co-Production Corporation', 'origin_country': ''}]","[{'iso_3166_1': 'CN', 'name': 'China'}]",2002-07-22,177394432,99,"[{'iso_639_1': 'zh', 'name': '普通话'}]",Released,One man's strength will unite an empire.,Hero,False,7.5,899,7.405000000000001
0,0,False,/pXIQvoGbOoGlGeGQIrsStoy3KD0.jpg,"{'id': 123800, 'name': 'Before... Collection', 'poster_path': '/bBS1CfspKXq5RBok85hYvtW9ZwE.jpg', 'backdrop_path': '/to3l6Gwzd7FGWa9Spc708IP1K7l.jpg'}",2700000,"[{'id': 18, 'name': 'Drama'}, {'id': 10749, 'name': 'Romance'}]",http://www.warnerbros.com/?site=beforesunset#/page=movies&pid=f-57b53b9e/BEFORE_SUNSET&asset=059437/Before_Sunset_-_Trailer_1A&type=video/,80,tt0381681,en,Before Sunset,Nine years ago two strangers met by chance and spent a night in Vienna that ended before sunrise. They are about to meet for the first time since. Now they have one afternoon to find out if they belong together.,7.439,/gycdE1ARByGQcK4fYR2mgpU6OO.jpg,"[{'id': 11509, 'logo_path': None, 'name': 'Warner Independent Pictures (WIP)', 'origin_country': ''}, {'id': 97, 'logo_path': '/7znWcbDd4PcJzJUlJxYqAlPPykp.png', 'name': 'Castle Rock Entertainment', 'origin_country': 'US'}, {'id': 98, 'logo_path': None, 'name': 'Detour Film Production', 'origin_country': ''}]","[{'iso_3166_1': 'US', 'name': 'United States of America'}]",2004-02-10,15992615,80,"[{'iso_639_1': 'en', 'name': 'English'}, {'iso_639_1': 'fr', 'name': 'Français'}]",Released,What if you had a second chance with the one that got away?,Before Sunset,False,7.7,1057,7.13421052631579
1,1,False,/qKIldRZ3jy3uGWdrNIt3P7QA5J3.jpg,,1000000,"[{'id': 12, 'name': 'Adventure'}, {'id': 16, 'name': 'Animation'}, {'id': 14, 'name': 'Fantasy'}]",http://movies.disney.com/nausicaa-of-the-valley-of-the-wind,81,tt0087544,ja,風の谷のナウシカ,"After a global war, the seaside kingdom known as the Valley Of The Wind remains one of the last strongholds on Earth untouched by a poisonous jungle and the powerful insects that guard it. Led by the courageous Princess Nausicaä, the people of the Valley engage in an epic struggle to restore the bond between humanity and Earth.",13.591,/hnYowHwLq0iUWriAHtiiCWsI2dP.jpg,"[{'id': 29, 'logo_path': None, 'name': 'Topcraft', 'origin_country': ''}]","[{'iso_3166_1': 'JP', 'name': 'Japan'}]",1984-03-11,3301446,117,"[{'iso_639_1': 'ja', 'name': '日本語'}]",Released,A young girl's love called forth miracles…,Nausicaä of the Valley of the Wind,False,7.8,1159,7.13421052631579
2,2,False,/bJjuO0dwL1SYTrjc1VAJYlX5qY2.jpg,,135000000,"[{'id': 28, 'name': 'Action'}, {'id': 12, 'name': 'Adventure'}, {'id': 80, 'name': 'Crime'}, {'id': 53, 'name': 'Thriller'}]",,82,tt0430357,en,Miami Vice,Miami Vice is a feature film based on the 1980s action drama TV series. The film tells the story of vice detectives Crockett and Tubbs and how their personal and professional lives are dangerously getting mixed.,7.936,/3BsNsigWcET4tKLZZhJegw7eOjF.jpg,"[{'id': 52846, 'logo_path': '/w2nzPUUGenayZtb3stEdfpOdz2s.png', 'name': 'Metropolis Films', 'origin_country': 'UY'}, {'id': 33, 'logo_path': '/8lvHyhjr8oUKOOy2dKXoALWKdp0.png', 'name': 'Universal Pictures', 'origin_country': 'US'}, {'id': 675, 'logo_path': None, 'name': 'Forward Pass', 'origin_country': 'US'}, {'id': 52844, 'logo_path': None, 'name': 'Motion Picture ETA Produktionsgesellschaft', 'origin_country': ''}, {'id': 52845, 'logo_path': '/56uEMEnS7pTNu5LuUYd4KNzgu5.png', 'name': 'Foqus Arte Digital', 'origin_country': 'PY'}]","[{'iso_3166_1': 'UY', 'name': 'Uruguay'}, {'iso_3166_1': 'US', 'name': 'United States of America'}, {'iso_3166_1': 'DE', 'name': 'Germany'}, {'iso_3166_1': 'PY', 'name': 'Paraguay'}]",2006-07-27,163794509,134,"[{'iso_639_1': 'en', 'name': 'English'}, {'iso_639_1': 'es', 'name': 'Español'}]",Released,No Law. No Rules. No Order.,Miami Vice,False,5.8,683,7.13421052631579
3,3,False,/50ZS8RwRDwioZtu2KAS6KfzEbDO.jpg,"{'id': 86113, 'name': 'Open Water Collection', 'poster_path': '/85FaIaxEgpHolq41GSBYF4c14nj.jpg', 'backdrop_path': '/2vc1MmKa9vMPQerdwLa3fZVhBOS.jpg'}",130000,"[{'id': 18, 'name': 'Drama'}, {'id': 53, 'name': 'Thriller'}, {'id': 27, 'name': 'Horror'}]",,83,tt0374102,en,Open Water,"Two divers are left out at sea without a boat. There’s nothing but water for miles, unless they look at what’s underneath them...",6.528,/hua2eluUhiLvKqwHFPV2aTiY8pp.jpg,"[{'id': 22376, 'logo_path': None, 'name': 'Plunge Pictures LLC', 'origin_country': ''}]","[{'iso_3166_1': 'US', 'name': 'United States of America'}]",2003-12-29,54667954,79,"[{'iso_639_1': 'en', 'name': 'English'}]",Released,Scream all you want.,Open Water,False,5.4,462,7.13421052631579
4,4,False,/1TxaXNobCO3fhcgYUfLHj6CkEFP.jpg,"{'id': 84, 'name': 'Indiana Jones Collection', 'poster_path': '/lpxDrACKJhbbGOlwVMNz5YCj6SI.jpg', 'backdrop_path': '/9f8kjuytZPJEPf1bhJgkekaoanr.jpg'}",18000000,"[{'id': 12, 'name': 'Adventure'}, {'id': 28, 'name': 'Action'}]",http://www.indianajones.com,85,tt0082971,en,Raiders of the Lost Ark,"When Dr. Indiana Jones – the tweed-suited professor who just happens to be a celebrated archaeologist – is hired by the government to locate the legendary Ark of the Covenant, he finds himself up against the entire Nazi regime.",29.85,/44sKJOGP3fTm4QXBcIuqu0RkdP7.jpg,"[{'id': 1, 'logo_path': '/o86DbpburjxrqAzEDhXZcyE8pDb.png', 'name': 'Lucasfilm', 'origin_country': 'US'}, {'id': 4, 'logo_path': '/fycMZt242LVjagMByZOLUGbCvv3.png', 'name': 'Paramount', 'origin_country': 'US'}]","[{'iso_3166_1': 'US', 'name': 'United States of America'}]",1981-06-12,389925971,115,"[{'iso_639_1': 'en', 'name': 'English'}, {'iso_639_1': 'es', 'name': 'Español'}, {'iso_639_1': 'de', 'name': 'Deutsch'}, {'iso_639_1': 'he', 'name': 'עִבְרִית'}, {'iso_639_1': 'ar', 'name': 'العربية'}, {'iso_639_1': 'ne', 'name': ''}]",Released,Indiana Jones - the new hero from the creators of JAWS and STAR WARS.,Raiders of the Lost Ark,False,7.8,5409,7.13421052631579
5,5,False,/fCk9jkrvLyRSlnW6Wyn8F1z9mFu.jpg,,6000000,"[{'id': 18, 'name': 'Drama'}, {'id': 10749, 'name': 'Romance'}]",http://www.elementarteilchen.film.de/,86,tt0430051,de,Elementarteilchen,"Based on Michel Houellebecq's controversial novel, Atomised (aka The Elementary Particles) focuses on Michael and Bruno, two very different half-brothers and their disturbed sexuality.  After a chaotic childhood with a hippie mother only caring for her affairs, Michael, a molecular biologist, is more interested in genes than women, while Bruno is obsessed with his sexual desires, but mostly finds his satisfaction with prostitutes.  But Bruno's life changes when he gets to know the experienced Christiane.  In the meantime, Michael meets Annabelle, the love of his youth, again.",2.696,/lDmFUWI0xtA9updU0WWfzE0LmA0.jpg,"[{'id': 74, 'logo_path': None, 'name': 'MOOVIE - the art of entertainment GmbH', 'origin_country': ''}, {'id': 75, 'logo_path': None, 'name': 'Medienfonds German Film Productions GmbH & Co. KG', 'origin_country': ''}]","[{'iso_3166_1': 'DE', 'name': 'Germany'}, {'iso_3166_1': 'IE', 'name': 'Ireland'}]",2006-02-10,0,105,"[{'iso_639_1': 'en', 'name': 'English'}, {'iso_639_1': 'de', 'name': 'Deutsch'}]",Released,,The Elementary Particles,False,6.2,49,7.13421052631579
6,6,False,/mWuFDpOxXJpPxLM3p8f3w02pBb2.jpg,"{'id': 84, 'name': 'Indiana Jones Collection', 'poster_path': '/lpxDrACKJhbbGOlwVMNz5YCj6SI.jpg', 'backdrop_path': '/9f8kjuytZPJEPf1bhJgkekaoanr.jpg'}",28000000,"[{'id': 12, 'name': 'Adventure'}, {'id': 28, 'name': 'Action'}]",http://www.indianajones.com,87,tt0087469,en,Indiana Jones and the Temple of Doom,"After arriving in India, Indiana Jones is asked by a desperate village to find a mystical stone. He agrees – and stumbles upon a secret cult plotting a terrible plan in the catacombs of an ancient palace.",23.2,/f2nTRKk2zGdUTE7tLJ5EGGSuKA6.jpg,"[{'id': 1, 'logo_path': '/o86DbpburjxrqAzEDhXZcyE8pDb.png', 'name': 'Lucasfilm', 'origin_country': 'US'}, {'id': 4, 'logo_path': '/fycMZt242LVjagMByZOLUGbCvv3.png', 'name': 'Paramount', 'origin_country': 'US'}]","[{'iso_3166_1': 'US', 'name': 'United States of America'}]",1984-05-23,333000000,118,"[{'iso_639_1': 'en', 'name': 'English'}, {'iso_639_1': 'si', 'name': 'සිංහල'}]",Released,If adventure has a name... it must be Indiana Jones.,Indiana Jones and the Temple of Doom,False,7.2,3985,7.13421052631579
7,7,False,/ngDmpFRzNGr9XMtKchhBZjt4DLH.jpg,"{'id': 86058, 'name': 'Dirty Dancing Collection', 'poster_path': '/gkrOvdbCFuGlxVwCYmczw7aw6Ku.jpg', 'backdrop_path': '/qR6POAKwCL8VwuK8ZjSAdRRFNj9.jpg'}",6000000,"[{'id': 18, 'name': 'Drama'}, {'id': 10402, 'name': 'Music'}, {'id': 10749, 'name': 'Romance'}]",http://lionsgateathome.com/dirty-dancing,88,tt0092890,en,Dirty Dancing,"Expecting the usual tedium that accompanies a summer in the Catskills with her family, 17-year-old Frances 'Baby' Houseman is surprised to find herself stepping into the shoes of a professional hoofer – and unexpectedly falling in love.",11.328,/dvEggyDTTIBDvrUNjTEa9depT0f.jpg,"[{'id': 137, 'logo_path': None, 'name': 'Great American Films Limited Partnership', 'origin_country': ''}, {'id': 12360, 'logo_path': None, 'name': 'Vestron Pictures', 'origin_country': ''}]","[{'iso_3166_1': 'US', 'name': 'United States of America'}]",1987-08-21,213893795,100,"[{'iso_639_1': 'en', 'name': 'English'}]",Released,Have the time of your life.,Dirty Dancing,False,7.3,2264,7.13421052631579
8,8,False,/vfvVuu1JdnEGcyZUj7VHrhhbeMj.jpg,"{'id': 84, 'name': 'Indiana Jones Collection', 'poster_path': '/lpxDrACKJhbbGOlwVMNz5YCj6SI.jpg', 'backdrop_path': '/9f8kjuytZPJEPf1bhJgkekaoanr.jpg'}",48000000,"[{'id': 12, 'name': 'Adventure'}, {'id': 28, 'name': 'Action'}]",http://www.indianajones.com/crusade,89,tt0097576,en,Indiana Jones and the Last Crusade,"When Dr. Henry Jones Sr. suddenly goes missing while pursuing the Holy Grail, eminent archaeologist Indiana must team up with Marcus Brody, Sallah and Elsa Schneider to follow in his father's footsteps and stop the Nazis from recovering the power of eternal life.",20.769000000000002,/4p1N2Qrt8j0H8xMHMHvtRxv9weZ.jpg,"[{'id': 1, 'logo_path': '/o86DbpburjxrqAzEDhXZcyE8pDb.png', 'name': 'Lucasfilm', 'origin_country': 'US'}, {'id': 4, 'logo_path': '/fycMZt242LVjagMByZOLUGbCvv3.png', 'name': 'Paramount', 'origin_country': 'US'}]","[{'iso_3166_1': 'US', 'name': 'United States of America'}]",1989-05-24,474171806,127,"[{'iso_639_1': 'de', 'name': 'Deutsch'}, {'iso_639_1': 'el', 'name': 'ελληνικά'}, {'iso_639_1': 'en', 'name': 'English'}]",Released,"The man with the hat is back. And this time, he's bringing his Dad.",Indiana Jones and the Last Crusade,False,7.7,4397,7.13421052631579
9,9,False,/38aEFo3chy25jobknuIX0WTF0Xl.jpg,"{'id': 85861, 'name': 'Beverly Hills Cop Collection', 'poster_path': '/jBvTMq8s7aQn1oe1eTEn6fg91Po.jpg', 'backdrop_path': '/lhZQuT76B9YcxZIudXZMhhWCKcl.jpg'}",15000000,"[{'id': 28, 'name': 'Action'}, {'id': 35, 'name': 'Comedy'}, {'id': 80, 'name': 'Crime'}]",,90,tt0086960,en,Beverly Hills Cop,"Tough-talking Detroit cop Axel Foley heads to the rarified world of Beverly Hills in his beat-up Chevy Nova to investigate a friend's murder. But soon, he realizes he's stumbled onto something much more complicated. Bungling rookie detective Billy Rosewood joins the fish-out-of-water Axel and shows him the West Los Angeles ropes.",11.559000000000001,/wzCzGv3xUyRx7QPQtXlFm0eQ4DW.jpg,"[{'id': 4, 'logo_path': '/fycMZt242LVjagMByZOLUGbCvv3.png', 'name': 'Paramount', 'origin_country': 'US'}, {'id': 30, 'logo_path': None, 'name': 'Eddie Murphy Productions', 'origin_country': ''}]","[{'iso_3166_1': 'US', 'name': 'United States of America'}]",1984-11-29,316360478,105,"[{'iso_639_1': 'en', 'name': 'English'}]",Released,The Heat Is On!,Beverly Hills Cop,False,7.0,1391,7.13421052631579
10,10,False,/bE8C8GxzJ8Snq2iTPZ9VQaBXaEO.jpg,,20000,"[{'id': 99, 'name': 'Documentary'}]",,91,tt0023037,es,Las Hurdes,"Las Hurdes – Tierra Sin Pan / Land Without Bread / Unpromised Land is a surrealist documentary filmed in Spain in 1932. It is the result of a two month trip through the Las Hurdes region. The film shows the contrasts between the village and the towns in the north of Extremadura, Salamanca and along the border of Portugal.",3.156,/AszNP3bBHwdkzX9mL514Zfk859s.jpg,"[{'id': 85869, 'logo_path': None, 'name': 'Ramón Acín', 'origin_country': ''}]","[{'iso_3166_1': 'ES', 'name': 'Spain'}]",1933-12-01,0,29,"[{'iso_639_1': 'es', 'name': 'Español'}]",Released,,Land Without Bread,False,6.8,36,7.13421052631579
11,11,False,/ea11MBZCPr7mVWjUWAJRU6IVPCP.jpg,,0,"[{'id': 99, 'name': 'Documentary'}]",,92,tt0169024,en,Megacities,Megacities is a documentary about the slums of five different metropolitan cities.,0.16,/svOFuJ0W3UTLqof10DVejjq94sw.jpg,[],"[{'iso_3166_1': 'AT', 'name': 'Austria'}]",1998-08-12,0,94,"[{'iso_639_1': 'ru', 'name': 'Pусский'}, {'iso_639_1': 'es', 'name': 'Español'}, {'iso_639_1': 'hi', 'name': 'हिन्दी'}, {'iso_639_1': 'en', 'name': 'English'}]",Released,,Megacities,False,7.0,3,7.13421052631579
12,12,False,/aFfbSVwzXH5tCi5MQN0idkoFbk0.jpg,,0,"[{'id': 80, 'name': 'Crime'}, {'id': 18, 'name': 'Drama'}, {'id': 9648, 'name': 'Mystery'}, {'id': 53, 'name': 'Thriller'}]",,93,tt0052561,en,Anatomy of a Murder,"The film pits a humble small-town lawyer against a hard-headed big city prosecutor. Emotions flare as a jealous army lieutenant pleads innocent to murdering the rapist of his seductive, beautiful wife.",7.79,/kDFnM2zlHZirR2ItTo56lyrxuAS.jpg,"[{'id': 5, 'logo_path': '/71BqEFAF4V3qjjMPCpLuyJFB9A.png', 'name': 'Columbia Pictures', 'origin_country': 'US'}]","[{'iso_3166_1': 'US', 'name': 'United States of America'}]",1959-07-01,0,160,"[{'iso_639_1': 'en', 'name': 'English'}]",Released,"No search of human emotions has ever probed so deeply, so truthfully as ... Anatomy of a Murder.",Anatomy of a Murder,False,7.9,298,7.13421052631579
13,13,False,,,0,"[{'id': 35, 'name': 'Comedy'}]",,94,tt0436488,en,Kunstgriff,Kunstgriff is a brilliantly filmed black and white short film. Andre F. Nebe gives proof of his storytelling abilities in this 6 minute film.,0.003,,"[{'id': 31, 'logo_path': None, 'name': 'Hamburger Filmschule', 'origin_country': ''}]","[{'iso_3166_1': 'DE', 'name': 'Germany'}]",2002-01-01,0,6,"[{'iso_639_1': 'de', 'name': 'Deutsch'}]",Released,,Kunstgriff,False,0.0,0,7.13421052631579
14,14,False,/lI3qV4kiSg0BvE6gelzV0tPAoFK.jpg,,140000000,"[{'id': 28, 'name': 'Action'}, {'id': 53, 'name': 'Thriller'}, {'id': 878, 'name': 'Science Fiction'}, {'id': 12, 'name': 'Adventure'}]",,95,tt0120591,en,Armageddon,"When an asteroid threatens to collide with Earth, NASA honcho Dan Truman determines the only way to stop it is to drill into its surface and detonate a nuclear bomb. This leads him to renowned driller Harry Stamper, who agrees to helm the dangerous space mission provided he can bring along his own hotshot crew. Among them is the cocksure A.J. who Harry thinks isn't good enough for his daughter, until the mission proves otherwise.",9.865,/coINnuCzcw5FMHBty8hcudMOBnO.jpg,"[{'id': 9195, 'logo_path': '/ou5BUbtulr6tIt699q6xJiEQTR9.png', 'name': 'Touchstone Pictures', 'origin_country': ''}, {'id': 130, 'logo_path': '/c9dVHPOL3cqCr2593Ahk0nEKTEM.png', 'name': 'Jerry Bruckheimer Films', 'origin_country': 'US'}, {'id': 11533, 'logo_path': '/tWM9pmzVYxok4GbQIttxdcml1yT.png', 'name': 'Valhalla Motion Pictures', 'origin_country': 'US'}]","[{'iso_3166_1': 'US', 'name': 'United States of America'}]",1998-07-01,553799566,151,"[{'iso_639_1': 'en', 'name': 'English'}, {'iso_639_1': 'ru', 'name': 'Pусский'}]",Released,The Earth's Darkest Day Will Be Man's Finest Hour,Armageddon,False,6.6,3537,7.13421052631579
15,15,False,/mXenFohxCO4jQ0e1bJf4e9gebxL.jpg,"{'id': 85861, 'name': 'Beverly Hills Cop Collection', 'poster_path': '/jBvTMq8s7aQn1oe1eTEn6fg91Po.jpg', 'backdrop_path': '/lhZQuT76B9YcxZIudXZMhhWCKcl.jpg'}",20000000,"[{'id': 28, 'name': 'Action'}, {'id': 35, 'name': 'Comedy'}, {'id': 80, 'name': 'Crime'}]",,96,tt0092644,en,Beverly Hills Cop II,"Detroit cop, Axel Foley heads for the land of sunshine and palm trees to find out who shot police Captain Andrew Bogomil. Thanks to a couple of old friends, Axel's investigation uncovers a series of robberies masterminded by a heartless weapons kingpin – and the chase is on.",9.077,/2y1z1baxKT0coTTRlnkI6McnR9f.jpg,"[{'id': 30, 'logo_path': None, 'name': 'Eddie Murphy Productions', 'origin_country': ''}, {'id': 4, 'logo_path': '/fycMZt242LVjagMByZOLUGbCvv3.png', 'name': 'Paramount', 'origin_country': 'US'}, {'id': 10288, 'logo_path': None, 'name': 'Don Simpson/Jerry Bruckheimer Films', 'origin_country': ''}]","[{'iso_3166_1': 'US', 'name': 'United States of America'}]",1987-05-18,299965036,100,"[{'iso_639_1': 'en', 'name': 'English'}]",Released,,Beverly Hills Cop II,False,6.2,868,7.13421052631579
16,16,False,/rRTMdhZ7kxMdJIqykz0t4p0HABA.jpg,"{'id': 63043, 'name': 'TRON Collection', 'poster_path': '/cvFlDIfOwhYe4ouAAfdyq9E5zlZ.jpg', 'backdrop_path': '/o8NBfffQPE9tHTR9l7FuWbdVPHu.jpg'}",17000000,"[{'id': 878, 'name': 'Science Fiction'}, {'id': 28, 'name': 'Action'}, {'id': 12, 'name': 'Adventure'}]",,97,tt0084827,en,Tron,"As Kevin Flynn searches for proof that he invented a hit video game, he is ""digitalized"" by a laser and finds himself inside The Grid, where programs suffer under the tyrannical rule of the Master Control Program. With the help of TRON, a security program, Flynn seeks to free The Grid from the MCP.",6.65,/cTF8lpXvAwT1SLH9kVFZZl0AO0D.jpg,"[{'id': 2, 'logo_path': '/4MbjW4f9bu6LvlDmyIvfyuT3boj.png', 'name': 'Walt Disney Pictures', 'origin_country': 'US'}, {'id': 558, 'logo_path': None, 'name': 'Lisberger/Kushner', 'origin_country': ''}]","[{'iso_3166_1': 'US', 'name': 'United States of America'}]",1982-07-09,33000000,96,"[{'iso_639_1': 'en', 'name': 'English'}]",Released,A world inside the computer where man has never been.  Until now.,Tron,False,6.6,939,7.13421052631579
17,17,False,/5vZw7ltCKI0JiOYTtRxaIC3DX0e.jpg,,103000000,"[{'id': 28, 'name': 'Action'}, {'id': 18, 'name': 'Drama'}, {'id': 12, 'name': 'Adventure'}]",,98,tt0172495,en,Gladiator,"In the year 180, the death of emperor Marcus Aurelius throws the Roman Empire into chaos.  Maximus is one of the Roman army's most capable and trusted generals and a key advisor to the emperor.  As Marcus' devious son Commodus ascends to the throne, Maximus is set to be executed.  He escapes, but is captured by slave traders.  Renamed Spaniard and forced to become a gladiator, Maximus must battle to the death with other men for the amusement of paying audiences.",24.925,/6WBIzCgmDCYrqh64yDREGeDk9d3.jpg,"[{'id': 33, 'logo_path': '/8lvHyhjr8oUKOOy2dKXoALWKdp0.png', 'name': 'Universal Pictures', 'origin_country': 'US'}, {'id': 1645, 'logo_path': '/6Ry6uNBaa0IbbSs1XYIgX5DkA9r.png', 'name': 'Scott Free Productions', 'origin_country': ''}, {'id': 14440, 'logo_path': None, 'name': 'Red Wagon Entertainment', 'origin_country': ''}, {'id': 21904, 'logo_path': None, 'name': 'Mill Film', 'origin_country': ''}, {'id': 21905, 'logo_path': None, 'name': 'C & L', 'origin_country': ''}, {'id': 21906, 'logo_path': None, 'name': 'Dawliz', 'origin_country': ''}, {'id': 7, 'logo_path': '/9YHAhaqpFKDq66Alz7HrYd1iM6G.png', 'name': 'DreamWorks', 'origin_country': 'US'}]","[{'iso_3166_1': 'GB', 'name': 'United Kingdom'}, {'iso_3166_1': 'US', 'name': 'United States of America'}]",2000-05-01,457640427,155,"[{'iso_639_1': 'en', 'name': 'English'}]",Released,A Hero Will Rise.,Gladiator,False,8.0,7824,7.13421052631579
18,18,False,/f9FdbY3pzLCP3sPJB6jqkE9NFs3.jpg,,8272296,"[{'id': 35, 'name': 'Comedy'}, {'id': 18, 'name': 'Drama'}]",,99,tt0185125,es,Todo sobre mi madre,"A single mother in Madrid sees her only son die on his birthday as he runs to seek an actress' autograph. Beside herself with grief, she returns to Barcelona to tell the boy's father about the death of the son he never knew he had.",9.521,/sQdalmBSUiaU0QCgZKBfy0l2vUR.jpg,"[{'id': 82, 'logo_path': None, 'name': 'Renn Productions', 'origin_country': ''}, {'id': 83, 'logo_path': '/9OQ0rm55xtlgX7KcAKMUePJSrQc.png', 'name': 'France 2 Cinéma', 'origin_country': 'FR'}]","[{'iso_3166_1': 'ES', 'name': 'Spain'}, {'iso_3166_1': 'FR', 'name': 'France'}]",1999-04-19,67872296,101,"[{'iso_639_1': 'es', 'name': 'Español'}]",Released,Part of every woman is a mother/actress/saint/sinner. And part of every man is a woman.,All About My Mother,False,7.6,526,7.13421052631579
19,19,False,/kzeR7BA0htJ7BeI6QEUX3PVp39s.jpg,,1350000,"[{'id': 35, 'name': 'Comedy'}, {'id': 80, 'name': 'Crime'}]",http://www.universalstudiosentertainment.com/lock-stock-and-two-smoking-barrels/,100,tt0120735,en,"Lock, Stock and Two Smoking Barrels",A card shark and his unwillingly-enlisted friends need to make a lot of cash quick after losing a sketchy poker match. To do this they decide to pull a heist on a small-time gang who happen to be operating out of the flat next door.,6.707000000000001,/qV7QaSf7f7yC2lc985zfyOJIAIN.jpg,"[{'id': 146, 'logo_path': None, 'name': 'Handmade Films Ltd.', 'origin_country': ''}, {'id': 491, 'logo_path': '/rUp0lLKa1pr4UsPm8fgzmnNGxtq.png', 'name': 'Summit Entertainment', 'origin_country': 'US'}, {'id': 21920, 'logo_path': None, 'name': 'The Steve Tisch Company', 'origin_country': ''}, {'id': 13419, 'logo_path': None, 'name': 'SKA Films', 'origin_country': ''}, {'id': 1382, 'logo_path': '/sOg7LGESPH5vCTOIdbMhLuypoLL.png', 'name': 'PolyGram Filmed Entertainment', 'origin_country': ''}]","[{'iso_3166_1': 'GB', 'name': 'United Kingdom'}]",1998-03-05,28356188,105,"[{'iso_639_1': 'en', 'name': 'English'}]",Released,A Disgrace to Criminals Everywhere.,"Lock, Stock and Two Smoking Barrels",False,7.8,2316,7.13421052631579
20,20,False,/mGN0lH2phYfesyEVqP2xvGUaxAQ.jpg,,16000000,"[{'id': 53, 'name': 'Thriller'}, {'id': 80, 'name': 'Crime'}, {'id': 18, 'name': 'Drama'}]",,101,tt0110413,fr,Léon,"Leon, the top hit man in New York, has earned a rep as an effective ""cleaner"". But when his next-door neighbors are wiped out by a loose-cannon DEA agent, he becomes the unwilling custodian of 12-year-old Mathilda. Before long, Mathilda's thoughts turn to revenge, and she considers following in Leon's footsteps.",25.537,/gE8S02QUOhVnAmYu4tcrBlMTujz.jpg,"[{'id': 9, 'logo_path': '/nda3dTUYdDrJ6rZqBpYvY865aDv.png', 'name': 'Gaumont', 'origin_country': 'FR'}, {'id': 66743, 'logo_path': None, 'name': 'Les Films du Dauphin', 'origin_country': ''}]","[{'iso_3166_1': 'FR', 'name': 'France'}, {'iso_3166_1': 'US', 'name': 'United States of America'}]",1994-09-14,45284974,110,"[{'iso_639_1': 'en', 'name': 'English'}, {'iso_639_1': 'fr', 'name': 'Français'}, {'iso_639_1': 'it', 'name': 'Italiano'}]",Released,"If you want a job done well, hire a professional.",Leon: The Professional,False,8.3,6151,7.13421052631579
21,21,False,/eACEgECmmQjMKsReNRWTHvzpYlu.jpg,,0,"[{'id': 18, 'name': 'Drama'}, {'id': 10749, 'name': 'Romance'}]",,102,tt0315543,da,Elsker dig for evigt,"Cecilie and Joachim are about to get married when a freak car accident leaves Joachim disabled, throwing their lives into a spin. The driver of the other car, Marie, and her family don’t get off lightly, either. Her husband Niels works in the hospital where he meets Cecilie and falls madly in love with her.",4.157,/hOrV2fCw2kmSiS4ZMGFPfXqr3lt.jpg,"[{'id': 76, 'logo_path': None, 'name': 'Zentropa Entertainments', 'origin_country': ''}]","[{'iso_3166_1': 'DK', 'name': 'Denmark'}]",2002-09-06,0,113,"[{'iso_639_1': 'da', 'name': 'Dansk'}]",Released,,Open Hearts,False,7.2,32,7.13421052631579
22,22,False,/hjmJKAVoZ3n2KWbKgasbfdugwhu.jpg,,1300000,"[{'id': 80, 'name': 'Crime'}, {'id': 18, 'name': 'Drama'}]",,103,tt0075314,en,Taxi Driver,"A mentally unstable Vietnam War veteran works as a night-time taxi driver in New York City where the perceived decadence and sleaze feeds his urge for violent action, attempting to save a preadolescent prostitute in the process.",15.985999999999999,/ekstpH614fwDX8DUln1a2Opz0N8.jpg,"[{'id': 46059, 'logo_path': None, 'name': 'Italo/Judeo Productions', 'origin_country': ''}, {'id': 46060, 'logo_path': None, 'name': 'Bill/Phillips', 'origin_country': ''}, {'id': 5, 'logo_path': '/71BqEFAF4V3qjjMPCpLuyJFB9A.png', 'name': 'Columbia Pictures', 'origin_country': 'US'}]","[{'iso_3166_1': 'US', 'name': 'United States of America'}]",1976-02-07,28262574,114,"[{'iso_639_1': 'en', 'name': 'English'}, {'iso_639_1': 'es', 'name': 'Español'}]",Released,"On every street in every city, there's a nobody who dreams of being a somebody.",Taxi Driver,False,8.1,4057,7.13421052631579
23,23,False,/xzbAey8RrRNKOe6JZMuxbIRc1UE.jpg,,1530000,"[{'id': 28, 'name': 'Action'}, {'id': 18, 'name': 'Drama'}, {'id': 53, 'name': 'Thriller'}]",,104,tt0130827,de,Lola rennt,"Lola receives a phone call from her boyfriend Manni. He lost 100,000 DM in a subway train that belongs to a very bad guy. She has 20 minutes to raise this amount and meet Manni. Otherwise, he will rob a store to get the money. Three different alternatives may happen depending on some minor event along Lola's run.",6.367999999999999,/3L8QhF5IkZOnEnBFdpj6GVkkp7d.jpg,"[{'id': 7025, 'logo_path': None, 'name': 'Westdeutscher Rundfunk (WDR)', 'origin_country': ''}, {'id': 96, 'logo_path': '/xablpF6QaYvso36PkHBm3Plo9gY.png', 'name': 'X-Filme Creative Pool', 'origin_country': 'DE'}]","[{'iso_3166_1': 'DE', 'name': 'Germany'}]",1998-08-20,7267585,81,"[{'iso_639_1': 'de', 'name': 'Deutsch'}, {'iso_639_1': 'en', 'name': 'English'}, {'iso_639_1': 'ja', 'name': '日本語'}]",Released,Every second of every day you're faced with a decision that can change your life.,Run Lola Run,False,7.3,896,7.13421052631579
24,24,False,/x4N74cycZvKu5k3KDERJay4ajR3.jpg,"{'id': 264, 'name': 'Back to the Future Collection', 'poster_path': '/n7AhnUSfeHBOfwCEsgXK8oZXkkB.jpg', 'backdrop_path': '/c9C9Pg2QctyjZHRmS0P8rZg1OTA.jpg'}",19000000,"[{'id': 12, 'name': 'Adventure'}, {'id': 35, 'name': 'Comedy'}, {'id': 878, 'name': 'Science Fiction'}, {'id': 10751, 'name': 'Family'}]",http://www.backtothefuture.com/movies/backtothefuture1,105,tt0088763,en,Back to the Future,"Eighties teenager Marty McFly is accidentally sent back in time to 1955, inadvertently disrupting his parents' first meeting and attracting his mother's romantic interest. Marty must repair the damage to history by rekindling his parents' romance and - with the help of his eccentric inventor friend Doc Brown - return to 1985.",26.203000000000003,/pTpxQB1N0waaSc3OSn0e9oc8kx9.jpg,"[{'id': 20448, 'logo_path': None, 'name': 'U-Drive Productions', 'origin_country': ''}, {'id': 33, 'logo_path': '/8lvHyhjr8oUKOOy2dKXoALWKdp0.png', 'name': 'Universal Pictures', 'origin_country': 'US'}, {'id': 56, 'logo_path': '/cEaxANEisCqeEoRvODv2dO1I0iI.png', 'name': 'Amblin Entertainment', 'origin_country': 'US'}]","[{'iso_3166_1': 'US', 'name': 'United States of America'}]",1985-07-03,381109762,116,"[{'iso_639_1': 'en', 'name': 'English'}]",Released,He's the only kid ever to get into trouble before he was born.,Back to the Future,False,8.2,8896,7.13421052631579
25,25,False,/ib247UzpzFwZp5XW2RZtwSHqLf0.jpg,"{'id': 399, 'name': 'Predator Collection', 'poster_path': '/6Z7lASptoiRVxiCFvZaFgH9qp7u.jpg', 'backdrop_path': '/fXVzk9OxQwROCuiWvd0Cv76qmZi.jpg'}",18000000,"[{'id': 878, 'name': 'Science Fiction'}, {'id': 28, 'name': 'Action'}, {'id': 12, 'name': 'Adventure'}, {'id': 53, 'name': 'Thriller'}]",,106,tt0093773,en,Predator,"Dutch and his group of commandos are hired by the CIA to rescue downed airmen from guerillas in a Central American jungle. The mission goes well but as they return they find that something is hunting them. Nearly invisible, it blends in with the forest, taking trophies from the bodies of its victims as it goes along. Occasionally seeing through its eyes, the audience sees it is an intelligent alien hunter, hunting them for sport, killing them off one at a time.",18.684,/p6fhq04t75yCfE0kSTNZGQvWuQ1.jpg,"[{'id': 5263, 'logo_path': None, 'name': 'Amercent Films', 'origin_country': ''}, {'id': 5264, 'logo_path': None, 'name': 'American Entertainment Partners L.P.', 'origin_country': ''}, {'id': 1302, 'logo_path': '/oyzh3Ax1DLJ5gbNRgD6JgMz9Uvd.png', 'name': 'Davis Entertainment', 'origin_country': 'US'}, {'id': 840, 'logo_path': None, 'name': 'Lawrence Gordon Productions', 'origin_country': ''}, {'id': 1885, 'logo_path': '/xlvoOZr4s1PygosrwZyolIFe5xs.png', 'name': 'Silver Pictures', 'origin_country': 'US'}, {'id': 25, 'logo_path': '/qZCc1lty5FzX30aOCVRBLzaVmcp.png', 'name': '20th Century Fox', 'origin_country': 'US'}]","[{'iso_3166_1': 'US', 'name': 'United States of America'}]",1987-06-12,98235548,107,"[{'iso_639_1': 'en', 'name': 'English'}, {'iso_639_1': 'es', 'name': 'Español'}]",Released,"If it bleeds, we can kill it...",Predator,False,7.3,2975,7.13421052631579
26,26,False,/cNLZ7YGRikb4IsLblrzu86ndZPw.jpg,,10000000,"[{'id': 53, 'name': 'Thriller'}, {'id': 80, 'name': 'Crime'}]",,107,tt0208092,en,Snatch,"The second film from British director Guy Ritchie. Snatch tells an obscure story similar to his first fast-paced crazy character-colliding filled film “Lock, Stock and Two Smoking Barrels.” There are two overlapping stories here – one is the search for a stolen diamond, and the other about a boxing promoter who’s having trouble with a psychotic gangster.",13.384,/on9JlbGEccLsYkjeEph2Whm1DIp.jpg,"[{'id': 3287, 'logo_path': '/bz6GbCQQXGNE56LTW9dwgksW0Iw.png', 'name': 'Screen Gems', 'origin_country': 'US'}, {'id': 13419, 'logo_path': None, 'name': 'SKA Films', 'origin_country': ''}, {'id': 5, 'logo_path': '/71BqEFAF4V3qjjMPCpLuyJFB9A.png', 'name': 'Columbia Pictures', 'origin_country': 'US'}]","[{'iso_3166_1': 'GB', 'name': 'United Kingdom'}, {'iso_3166_1': 'US', 'name': 'United States of America'}]",2000-09-01,83557872,103,"[{'iso_639_1': 'en', 'name': 'English'}, {'iso_639_1': 'ru', 'name': 'Pусский'}]",Released,Stealin' Stones and Breakin' Bones.,Snatch,False,7.7,3939,7.13421052631579
27,27,False,/jWi5e6TaDVjioIqZsaq5nFYK4lq.jpg,"{'id': 131, 'name': 'Three Colors Collection', 'poster_path': '/rVdd23QuT5rHX7lZvuAkRRUkeCZ.jpg', 'backdrop_path': '/AeHExfHIl70SZCea907KfEoSkfJ.jpg'}",0,"[{'id': 18, 'name': 'Drama'}, {'id': 10402, 'name': 'Music'}, {'id': 9648, 'name': 'Mystery'}]",,108,tt0108394,fr,Trois couleurs : Bleu,"Julie is haunted by her grief after living through a tragic auto wreck that claimed the life of her composer husband and young daughter. Her initial reaction is to withdraw from her relationships, lock herself in her apartment and suppress her pain. But avoiding human interactions on the bustling streets of Paris proves impossible, and she eventually meets up with Olivier, an old friend who harbors a secret love for her, and who could draw her back to reality.",6.388999999999999,/ztIqf7yGmb4JRFiv2i62K6PhTQR.jpg,"[{'id': 591, 'logo_path': '/q5I5RDwMEiqoNmfaJgd2LraEOJY.png', 'name': 'France 3 Cinéma', 'origin_country': 'FR'}, {'id': 1610, 'logo_path': None, 'name': 'CED Productions', 'origin_country': ''}]","[{'iso_3166_1': 'FR', 'name': 'France'}, {'iso_3166_1': 'PL', 'name': 'Poland'}]",1993-01-10,0,98,"[{'iso_639_1': 'fr', 'name': 'Français'}, {'iso_639_1': 'pl', 'name': 'Polski'}]",Released,,Three Colors: Blue,False,7.8,484,7.13421052631579
28,28,False,/brWfiEU6rM4iOF5V44oGaRK6TtN.jpg,"{'id': 131, 'name': 'Three Colors Collection', 'poster_path': '/rVdd23QuT5rHX7lZvuAkRRUkeCZ.jpg', 'backdrop_path': '/AeHExfHIl70SZCea907KfEoSkfJ.jpg'}",0,"[{'id': 35, 'name': 'Comedy'}, {'id': 18, 'name': 'Drama'}, {'id': 9648, 'name': 'Mystery'}]",,109,tt0111507,fr,Trois couleurs : Blanc,"Polish immigrant Karol Karol finds himself out of a marriage, a job and a country when his French wife, Dominique, divorces him after six months due to his impotence. Forced to leave France after losing the business they jointly owned, Karol enlists fellow Polish expatriate Mikolah to smuggle him back to their homeland.",5.9879999999999995,/xOLY69rXKwuH9JUnOE4G2HHKiW5.jpg,"[{'id': 183, 'logo_path': None, 'name': 'Le Studio Canal+', 'origin_country': ''}, {'id': 591, 'logo_path': '/q5I5RDwMEiqoNmfaJgd2LraEOJY.png', 'name': 'France 3 Cinéma', 'origin_country': 'FR'}, {'id': 850, 'logo_path': '/aF7qajGJGtMpdrtvssM9g90YanX.png', 'name': 'Eurimages', 'origin_country': ''}]","[{'iso_3166_1': 'FR', 'name': 'France'}, {'iso_3166_1': 'PL', 'name': 'Poland'}]",1994-01-26,0,91,"[{'iso_639_1': 'fr', 'name': 'Français'}, {'iso_639_1': 'pl', 'name': 'Polski'}, {'iso_639_1': 'hu', 'name': 'Magyar'}]",Released,,Three Colors: White,False,7.4,332,7.13421052631579
29,29,False,/nL5wZvZjAi11kP9HSWYIdyiGhN8.jpg,"{'id': 131, 'name': 'Three Colors Collection', 'poster_path': '/rVdd23QuT5rHX7lZvuAkRRUkeCZ.jpg', 'backdrop_path': '/AeHExfHIl70SZCea907KfEoSkfJ.jpg'}",0,"[{'id': 18, 'name': 'Drama'}, {'id': 9648, 'name': 'Mystery'}, {'id': 10749, 'name': 'Romance'}]",,110,tt0111495,fr,Trois couleurs : Rouge,"Part-time model Valentine meets a retired judge who lives in her neighborhood after she runs over his dog. At first the judge gifts Valentine with the dog, but her possessive boyfriend won't allow her to keep it. When she returns with the dog to the judge's house, she discovers him listening in on his neighbors' phone conversations. At first Valentine is outraged, but her debates with the judge over his behavior soon leads them to form a strange bond.",8.548,/77CFEssoKesi4zvtADEpIrSKhA3.jpg,"[{'id': 38, 'logo_path': None, 'name': 'Zespół Filmowy TOR', 'origin_country': ''}, {'id': 183, 'logo_path': None, 'name': 'Le Studio Canal+', 'origin_country': ''}, {'id': 591, 'logo_path': '/q5I5RDwMEiqoNmfaJgd2LraEOJY.png', 'name': 'France 3 Cinéma', 'origin_country': 'FR'}, {'id': 1245, 'logo_path': '/suKdkPTtHn0DzGYmrXCA506dJON.png', 'name': 'Télévision Suisse-Romande', 'origin_country': 'CH'}]","[{'iso_3166_1': 'FR', 'name': 'France'}, {'iso_3166_1': 'PL', 'name': 'Poland'}, {'iso_3166_1': 'CH', 'name': 'Switzerland'}]",1994-05-27,0,99,"[{'iso_639_1': 'fr', 'name': 'Français'}]",Released,,Three Colors: Red,False,8.0,388,7.13421052631579
30,30,False,/51fjuzYoJKvGW43j32nBpWW6Tm1.jpg,,25000000,"[{'id': 28, 'name': 'Action'}, {'id': 80, 'name': 'Crime'}, {'id': 18, 'name': 'Drama'}, {'id': 53, 'name': 'Thriller'}]",,111,tt0086250,en,Scarface,"After getting a green card in exchange for assassinating a Cuban government official, Tony Montana stakes a claim on the drug trade in Miami. Viciously murdering anyone who stands in his way, Tony eventually becomes the biggest drug lord in the state, controlling nearly all the cocaine that comes through Miami. But increased pressure from the police, wars with Colombian drug cartels and his own drug-fueled paranoia serve to fuel the flames of his eventual downfall.",18.5,/zr2p353wrd6j3wjLgDT4TcaestB.jpg,"[{'id': 33, 'logo_path': '/8lvHyhjr8oUKOOy2dKXoALWKdp0.png', 'name': 'Universal Pictures', 'origin_country': 'US'}]","[{'iso_3166_1': 'US', 'name': 'United States of America'}]",1983-12-08,65884703,170,"[{'iso_639_1': 'en', 'name': 'English'}, {'iso_639_1': 'es', 'name': 'Español'}]",Released,The world is yours...,Scarface,False,8.1,4377,7.13421052631579
31,31,False,/orJqud7i98mjVfeRwcZ0HbaoR8B.jpg,,0,"[{'id': 35, 'name': 'Comedy'}, {'id': 18, 'name': 'Drama'}, {'id': 10749, 'name': 'Romance'}]",,112,tt0243862,da,Italiensk for begyndere,"A group of strangers find friendship, family and love within an Italian beginners’ course.",3.1639999999999997,/asBxCaQCiqayymEPdWqQULBxUDF.jpg,"[{'id': 76, 'logo_path': None, 'name': 'Zentropa Entertainments', 'origin_country': ''}]","[{'iso_3166_1': 'DK', 'name': 'Denmark'}, {'iso_3166_1': 'SE', 'name': 'Sweden'}]",2000-12-07,0,95,"[{'iso_639_1': 'da', 'name': 'Dansk'}, {'iso_639_1': 'it', 'name': 'Italiano'}]",Released,,Italian for Beginners,False,6.5,43,7.13421052631579
32,32,False,/rB7P8fhPsBX4w9YxXHoZehq4is5.jpg,,0,"[{'id': 18, 'name': 'Drama'}]",http://www.fruehling-sommer.de,113,tt0374546,ko,봄 여름 가을 겨울 그리고 봄,"An isolated lake, where an old monk lives in a small floating temple. The monk has a young boy living with him, learning to become a monk. We watch as seasons and years pass by.",6.711,/dGb8hlA2nQ88UbLUgsaI5QXiPDC.jpg,"[{'id': 139, 'logo_path': None, 'name': 'LJ Film', 'origin_country': ''}, {'id': 11554, 'logo_path': None, 'name': 'Korea Pictures', 'origin_country': ''}, {'id': 254, 'logo_path': None, 'name': 'Pandora Filmproduktion', 'origin_country': ''}, {'id': 685, 'logo_path': None, 'name': 'Cineclick Asia', 'origin_country': ''}, {'id': 11555, 'logo_path': None, 'name': 'Cinesoul', 'origin_country': ''}, {'id': 11556, 'logo_path': None, 'name': 'Mirae Asset Capital', 'origin_country': ''}, {'id': 11557, 'logo_path': None, 'name': 'Muhan Investment', 'origin_country': ''}]","[{'iso_3166_1': 'KR', 'name': 'South Korea'}, {'iso_3166_1': 'DE', 'name': 'Germany'}]",2003-09-19,6502364,103,"[{'iso_639_1': 'ko', 'name': '한국어/조선말'}]",Released,"What you like, others will also like.","Spring, Summer, Fall, Winter... and Spring",False,7.8,357,7.13421052631579
33,33,False,/fztlIPN1EAO2kFVdJhKaXjAgjhH.jpg,,14000000,"[{'id': 10749, 'name': 'Romance'}, {'id': 35, 'name': 'Comedy'}]",,114,tt0100405,en,Pretty Woman,"When a millionaire wheeler-dealer enters a business contract with a Hollywood hooker Vivian Ward, he loses his heart in the bargain.",13.542,/fgmdaCMxXClZm2ePteLzCPySB1n.jpg,"[{'id': 9195, 'logo_path': '/ou5BUbtulr6tIt699q6xJiEQTR9.png', 'name': 'Touchstone Pictures', 'origin_country': ''}, {'id': 10282, 'logo_path': None, 'name': 'Silver Screen Partners IV', 'origin_country': ''}]","[{'iso_3166_1': 'US', 'name': 'United States of America'}]",1990-03-23,463000000,119,"[{'iso_639_1': 'en', 'name': 'English'}]",Released,Who knew it was so much fun to be a hooker?,Pretty Woman,False,7.2,2870,7.13421052631579
34,34,False,/77ElMccPnTMPouRxSdbJ4nEjf69.jpg,,15000000,"[{'id': 35, 'name': 'Comedy'}, {'id': 80, 'name': 'Crime'}]",http://www.biglebowskibluray.com/splash.php,115,tt0118715,en,The Big Lebowski,"Jeffrey ""The Dude"" Lebowski, a Los Angeles slacker who only wants to bowl and drink white Russians, is mistaken for another Jeffrey Lebowski, a wheelchair-bound millionaire, and finds himself dragged into a strange series of events involving nihilists, adult film producers, ferrets, errant toes, and large sums of money.",19.963,/qiE3ovg9TPylHReZjizQ40LsKZV.jpg,"[{'id': 37, 'logo_path': '/nlG4JEjJ7SAFDehgIVvHFBPW23y.png', 'name': 'Gramercy Pictures', 'origin_country': 'US'}, {'id': 1382, 'logo_path': '/sOg7LGESPH5vCTOIdbMhLuypoLL.png', 'name': 'PolyGram Filmed Entertainment', 'origin_country': ''}, {'id': 10163, 'logo_path': '/cifwIG2aVR1dRis6yoiilq4qeIh.png', 'name': 'Working Title Films', 'origin_country': 'GB'}]","[{'iso_3166_1': 'GB', 'name': 'United Kingdom'}, {'iso_3166_1': 'US', 'name': 'United States of America'}]",1998-03-06,46189568,117,"[{'iso_639_1': 'en', 'name': 'English'}, {'iso_639_1': 'he', 'name': 'עִבְרִית'}, {'iso_639_1': 'es', 'name': 'Español'}, {'iso_639_1': 'de', 'name': 'Deutsch'}]",Released,Times like these call for a Big Lebowski.,The Big Lebowski,False,7.9,4388,7.13421052631579
35,35,False,/40gCaXoyT75wuLbz1t5BwpLm0w4.jpg,,15000000,"[{'id': 18, 'name': 'Drama'}, {'id': 53, 'name': 'Thriller'}, {'id': 80, 'name': 'Crime'}, {'id': 10749, 'name': 'Romance'}]",,116,tt0416320,en,Match Point,"Match Point is Woody Allen’s satire of the British High Society and the ambition of a young tennis instructor to enter into it. Yet when he must decide between two women - one assuring him his place in high society, and the other that would bring him far from it - palms start to sweat and a dark psychological match in his head begins.",10.805,/zuSFZEbSs7hj9lfeu2k7a4bPxdE.jpg,"[{'id': 7, 'logo_path': '/9YHAhaqpFKDq66Alz7HrYd1iM6G.png', 'name': 'DreamWorks', 'origin_country': 'US'}]","[{'iso_3166_1': 'US', 'name': 'United States of America'}, {'iso_3166_1': 'RU', 'name': 'Russia'}, {'iso_3166_1': 'GB', 'name': 'United Kingdom'}, {'iso_3166_1': 'IE', 'name': 'Ireland'}, {'iso_3166_1': 'LU', 'name': 'Luxembourg'}]",2005-10-26,85306374,124,"[{'iso_639_1': 'en', 'name': 'English'}]",Released,Passion Temptation Obsession,Match Point,False,7.3,1680,7.13421052631579
36,36,False,/4cJv0cghFaJfepzGdOyqeNaJWYb.jpg,,25000000,"[{'id': 80, 'name': 'Crime'}, {'id': 18, 'name': 'Drama'}, {'id': 36, 'name': 'History'}, {'id': 53, 'name': 'Thriller'}]",,117,tt0094226,en,The Untouchables,"Young Treasury Agent Elliot Ness arrives in Chicago and is determined to take down Al Capone, but it's not going to be easy because Capone has the police in his pocket. Ness meets Jimmy Malone, a veteran patrolman and probably the most honorable one on the force. He asks Malone to help him get Capone, but Malone warns him that if he goes after Capone, he is going to war.",11.401,/qx4CDBhJDX5LQoVZ8UXPxQy5pt7.jpg,"[{'id': 4, 'logo_path': '/fycMZt242LVjagMByZOLUGbCvv3.png', 'name': 'Paramount', 'origin_country': 'US'}]","[{'iso_3166_1': 'US', 'name': 'United States of America'}]",1987-06-03,76270454,119,"[{'iso_639_1': 'en', 'name': 'English'}]",Released,What are you prepared to do?,The Untouchables,False,7.7,2137,7.13421052631579
37,37,False,/t7TwFwRrx3Re52651dy52ObXBBh.jpg,,150000000,"[{'id': 12, 'name': 'Adventure'}, {'id': 35, 'name': 'Comedy'}, {'id': 10751, 'name': 'Family'}, {'id': 14, 'name': 'Fantasy'}]",https://www.warnerbros.com/charlie-and-chocolate-factory,118,tt0367594,en,Charlie and the Chocolate Factory,"A young boy wins a tour through the most magnificent chocolate factory in the world, led by the world's most unusual candy maker.",14.544,/dvHl1dYvaZRhj9Gk0ITcCHr4DIJ.jpg,"[{'id': 79, 'logo_path': '/tpFpsqbleCzEE2p5EgvUq6ozfCA.png', 'name': 'Village Roadshow Pictures', 'origin_country': 'US'}, {'id': 80, 'logo_path': None, 'name': 'The Zanuck Company', 'origin_country': 'US'}, {'id': 8601, 'logo_path': None, 'name': 'Tim Burton Productions', 'origin_country': ''}, {'id': 55512, 'logo_path': None, 'name': 'Theobald Film Productions', 'origin_country': ''}, {'id': 174, 'logo_path': '/ky0xOc5OrhzkZ1N6KyUxacfQsCk.png', 'name': 'Warner Bros. Pictures', 'origin_country': 'US'}, {'id': 81, 'logo_path': '/8wOfUhA7vwU2gbPjQy7Vv3EiF0o.png', 'name': 'Plan B Entertainment', 'origin_country': 'US'}]","[{'iso_3166_1': 'AU', 'name': 'Australia'}, {'iso_3166_1': 'GB', 'name': 'United Kingdom'}, {'iso_3166_1': 'US', 'name': 'United States of America'}]",2005-07-13,474968763,115,"[{'iso_639_1': 'en', 'name': 'English'}]",Released,Willy Wonka is semi-sweet and nuts.,Charlie and the Chocolate Factory,False,6.9,6353,7.13421052631579
